Isopu_TRP+ neurons;Xboc_GUT,Isopu_TRP+ neurons;Xboc_GUT_pval1,Isopu_TRP+ neurons;Xboc_GUT_pval2,Isopu_chemosensory;Xboc_CILIATED_CELLS,Isopu_chemosensory;Xboc_CILIATED_CELLS_pval1,Isopu_chemosensory;Xboc_CILIATED_CELLS_pval2,Isopu_cilia related;Xboc_CILIATED_CELLS,Isopu_cilia related;Xboc_CILIATED_CELLS_pval1,Isopu_cilia related;Xboc_CILIATED_CELLS_pval2,Isopu_digestive I;Xboc_EPIDERMIS,Isopu_digestive I;Xboc_EPIDERMIS_pval1,Isopu_digestive I;Xboc_EPIDERMIS_pval2,Isopu_digestive I;Xboc_GUT,Isopu_digestive I;Xboc_GUT_pval1,Isopu_digestive I;Xboc_GUT_pval2,Isopu_digestive II;Xboc_EPIDERMIS,Isopu_digestive II;Xboc_EPIDERMIS_pval1,Isopu_digestive II;Xboc_EPIDERMIS_pval2,Isopu_digestive II;Xboc_GUT,Isopu_digestive II;Xboc_GUT_pval1,Isopu_digestive II;Xboc_GUT_pval2,Isopu_epithelial I;Xboc_CILIATED_CELLS,Isopu_epithelial I;Xboc_CILIATED_CELLS_pval1,Isopu_epithelial I;Xboc_CILIATED_CELLS_pval2,Isopu_epithelial II;Xboc_CILIATED_CELLS,Isopu_epithelial II;Xboc_CILIATED_CELLS_pval1,Isopu_epithelial II;Xboc_CILIATED_CELLS_pval2,Isopu_muscle;Xboc_MUSCLE,Isopu_muscle;Xboc_MUSCLE_pval1,Isopu_muscle;Xboc_MUSCLE_pval2,Isopu_muscle;Xboc_MUSCLE-LIKE,Isopu_muscle;Xboc_MUSCLE-LIKE_pval1,Isopu_muscle;Xboc_MUSCLE-LIKE_pval2,Isopu_neurons;Xboc_GUT,Isopu_neurons;Xboc_GUT_pval1,Isopu_neurons;Xboc_GUT_pval2,Isopu_neurons;Xboc_NEURON,Isopu_neurons;Xboc_NEURON_pval1,Isopu_neurons;Xboc_NEURON_pval2,Isopu_neurons;Xboc_PHARYNGEAL,Isopu_neurons;Xboc_PHARYNGEAL_pval1,Isopu_neurons;Xboc_PHARYNGEAL_pval2,Isopu_secretory cells;Xboc_GUT,Isopu_secretory cells;Xboc_GUT_pval1,Isopu_secretory cells;Xboc_GUT_pval2,Isopu_secretory cells;Xboc_SECRETORY_EPITHELIIUM_1,Isopu_secretory cells;Xboc_SECRETORY_EPITHELIIUM_1_pval1,Isopu_secretory cells;Xboc_SECRETORY_EPITHELIIUM_1_pval2,Isopu_secretory cells;Xboc_SECRETORY_EPITHELIIUM_2,Isopu_secretory cells;Xboc_SECRETORY_EPITHELIIUM_2_pval1,Isopu_secretory cells;Xboc_SECRETORY_EPITHELIIUM_2_pval2,Isopu_secretory cells;Xboc_SECRETORY_EPITHELIIUM_3,Isopu_secretory cells;Xboc_SECRETORY_EPITHELIIUM_3_pval1,Isopu_secretory cells;Xboc_SECRETORY_EPITHELIIUM_3_pval2,Isopu_secretory cells;Xboc_SECRETORY_EPITHELIIUM_4,Isopu_secretory cells;Xboc_SECRETORY_EPITHELIIUM_4_pval1,Isopu_secretory cells;Xboc_SECRETORY_EPITHELIIUM_4_pval2,Isopu_sensory neurons;Xboc_CILIATED_CELLS,Isopu_sensory neurons;Xboc_CILIATED_CELLS_pval1,Isopu_sensory neurons;Xboc_CILIATED_CELLS_pval2,Isopu_sensory neurons;Xboc_NEURON,Isopu_sensory neurons;Xboc_NEURON_pval1,Isopu_sensory neurons;Xboc_NEURON_pval2,Isopu_stem cells;Xboc_GUT,Isopu_stem cells;Xboc_GUT_pval1,Isopu_stem cells;Xboc_GUT_pval2,Isopu_stem cells;Xboc_unk7,Isopu_stem cells;Xboc_unk7_pval1,Isopu_stem cells;Xboc_unk7_pval2,Isopu_stem cells;Xboc_unk9,Isopu_stem cells;Xboc_unk9_pval1,Isopu_stem cells;Xboc_unk9_pval2,Isopu_uncharacterized;Xboc_CILIATED_CELLS,Isopu_uncharacterized;Xboc_CILIATED_CELLS_pval1,Isopu_uncharacterized;Xboc_CILIATED_CELLS_pval2
Isopu_TRINITY_DN31067_c0_g1;Xboc_model_685,1.908883175317859e-06,1.264533476072502e-68,Isopu_TRINITY_DN27441_c1_g1;Xboc_model_13686,9.801418829047656e-24,5.193608250185905e-305,Isopu_TRINITY_DN27507_c1_g1;Xboc_model_13687,0.001642749328779438,2.304741472786509e-113,Isopu_TRINITY_DN19602_c0_g1;Xboc_model_6364,4.42649227805662e-59,0.0,Isopu_TRINITY_DN26617_c0_g7;Xboc_model_765,9.358277893856892e-43,1.520029210761e-310,Isopu_TRINITY_DN27095_c0_g1;Xboc_model_10796,9.177556468126823e-11,5.728269233798078e-253,Isopu_TRINITY_DN28054_c0_g2;Xboc_g7257,1.9348060694681005e-21,1.2687898734726135e-205,Isopu_TRINITY_DN33188_c6_g1;Xboc_model_14229,1.899545935364054e-156,0.0021060031590083733,Isopu_TRINITY_DN27441_c1_g1;Xboc_model_13686,7.037905335618964e-115,5.193608250185905e-305,Isopu_TRINITY_DN29646_c0_g1;Xboc_model_1093,1.0786988196968412e-164,0.0,Isopu_TRINITY_DN29646_c0_g1;Xboc_model_1093,1.0786988196968412e-164,1.3087879594025583e-09,Isopu_TRINITY_DN29111_c4_g1;Xboc_model_1355,3.668583886578554e-29,0.0,Isopu_TRINITY_DN31062_c0_g2;Xboc_model_3304,4.1737870739171545e-08,4.1439197092583465e-29,Isopu_TRINITY_DN29111_c4_g1;Xboc_model_237,3.668583886578554e-29,2.153339333702025e-32,Isopu_TRINITY_DN32892_c2_g1;Xboc_model_2861,1.1630562894188532e-50,3.952891744109454e-16,Isopu_TRINITY_DN24906_c0_g1;Xboc_model_7670,2.2599414095106137e-05,3.0459567737225107e-82,Isopu_TRINITY_DN24689_c1_g3;Xboc_model_7522,1.6219513649533287e-132,7.761422134714588e-50,Isopu_TRINITY_DN28451_c0_g3;Xboc_model_5816,1.94929946026943e-16,1.6318844362547437e-14,Isopu_TRINITY_DN29620_c0_g2;Xboc_model_4935,0.00010615233334076998,1.0132949079337354e-55,Isopu_TRINITY_DN27441_c1_g2;Xboc_model_13686,6.16233627885015e-86,5.193608250185905e-305,Isopu_TRINITY_DN23663_c0_g1;Xboc_model_13653,1.5637865829110408e-15,0.0006255911969282046,Isopu_TRINITY_DN29376_c2_g5;Xboc_model_2338,1.0221798772043502e-36,2.7847822444963172e-14,Isopu_TRINITY_DN27441_c1_g3;Xboc_model_1908,1.0187757402526501e-10,0.005301959643806116,Isopu_TRINITY_DN29376_c2_g5;Xboc_model_2338,1.0221798772043502e-36,5.980099876557126e-157,Isopu_TRINITY_DN27441_c1_g2;Xboc_model_13686,1.8252985799646766e-35,5.193608250185905e-305
Isopu_TRINITY_DN29111_c4_g1;Xboc_model_1355,6.650909052039965e-16,0.0,Isopu_TRINITY_DN27273_c0_g1;Xboc_model_13686,1.0446033505892958e-38,5.193608250185905e-305,Isopu_TRINITY_DN25781_c0_g4;Xboc_model_13686,1.1551575460088504e-13,5.193608250185905e-305,Isopu_TRINITY_DN27095_c0_g2;Xboc_model_10963,2.35140188072349e-48,3.5606324083409e-157,Isopu_TRINITY_DN27095_c0_g2;Xboc_model_765,2.35140188072349e-48,1.520029210761e-310,Isopu_TRINITY_DN27095_c0_g1;Xboc_model_10963,9.177556468126823e-11,3.5606324083409e-157,Isopu_TRINITY_DN29855_c0_g1;Xboc_model_6757,4.826579202582726e-06,1.020779563046915e-123,Isopu_TRINITY_DN29475_c0_g1;Xboc_model_2931,2.127838662567682e-133,0.006094544222775065,Isopu_TRINITY_DN27273_c0_g1;Xboc_model_13686,2.7284571529082188e-135,5.193608250185905e-305,Isopu_TRINITY_DN30411_c0_g3;Xboc_model_4365,9.751015299156096e-108,1.6687906976070422e-96,Isopu_TRINITY_DN32257_c0_g1;Xboc_model_1093,1.450331464721691e-20,1.3087879594025583e-09,Isopu_TRINITY_DN21776_c2_g2;Xboc_model_7642,3.7148544104600297e-31,0.0,Isopu_TRINITY_DN21534_c0_g1;Xboc_model_11366,9.986789404754756e-24,1.7117188545517824e-05,Isopu_TRINITY_DN31062_c0_g2;Xboc_model_11648,4.1737870739171545e-08,4.562962294353717e-10,Isopu_TRINITY_DN29012_c0_g1;Xboc_model_2861,1.1815007027816364e-28,3.952891744109454e-16,Isopu_TRINITY_DN32476_c1_g1;Xboc_model_8813,0.0011994358421912412,8.228680221844527e-36,Isopu_TRINITY_DN24689_c1_g2;Xboc_model_7522,8.257755740273902e-175,7.761422134714588e-50,Isopu_TRINITY_DN24689_c1_g3;Xboc_model_7522,1.6219513649533287e-132,9.020724251693432e-84,Isopu_TRINITY_DN24689_c1_g3;Xboc_model_7522,1.6219513649533287e-132,2.0026094591664416e-68,Isopu_TRINITY_DN33305_c4_g1;Xboc_model_13686,4.0925675094775507e-60,5.193608250185905e-305,Isopu_TRINITY_DN28388_c0_g2;Xboc_model_13653,9.398530773855145e-12,0.0006255911969282046,Isopu_TRINITY_DN28127_c1_g1;Xboc_model_6180,7.7508744255073e-12,1.745924157637687e-149,,,,Isopu_TRINITY_DN22381_c0_g1;Xboc_model_13318,2.83327367671727e-07,3.370968878600142e-47,Isopu_TRINITY_DN33305_c4_g1;Xboc_model_13686,1.4266671522746454e-26,5.193608250185905e-305
Isopu_TRINITY_DN21534_c0_g1;Xboc_model_3167,8.909005486917333e-22,2.407489532866446e-14,Isopu_TRINITY_DN24220_c3_g2;Xboc_model_13686,3.414220845720058e-14,5.193608250185905e-305,Isopu_TRINITY_DN33305_c4_g1;Xboc_model_13686,2.70410311295359e-07,5.193608250185905e-305,Isopu_TRINITY_DN22570_c0_g2;Xboc_model_10963,5.5624604536068e-41,3.5606324083409e-157,Isopu_TRINITY_DN22570_c0_g2;Xboc_model_765,5.5624604536068e-41,1.520029210761e-310,Isopu_TRINITY_DN19873_c0_g1;Xboc_model_10796,8.450076367595731e-11,5.728269233798078e-253,Isopu_TRINITY_DN19873_c0_g1;Xboc_model_3134,8.450076367595731e-11,0.0,Isopu_TRINITY_DN32160_c0_g2;Xboc_model_2931,5.435259201014088e-120,0.006094544222775065,Isopu_TRINITY_DN27273_c0_g3;Xboc_model_13686,4.304599074569994e-33,5.193608250185905e-305,Isopu_TRINITY_DN30349_c0_g4;Xboc_model_2740,4.212531205493305e-130,6.0573793334722285e-99,,,,Isopu_TRINITY_DN26801_c4_g2;Xboc_model_7926,1.5658336793925921e-27,1.3722861096712695e-68,Isopu_TRINITY_DN29522_c0_g3;Xboc_model_6058,6.904430467800362e-15,5.4311937591113555e-05,Isopu_TRINITY_DN24220_c3_g2;Xboc_model_237,3.9325034216288234e-12,2.153339333702025e-32,Isopu_TRINITY_DN32892_c2_g1;Xboc_model_685,1.1630562894188532e-50,1.264533476072502e-68,Isopu_TRINITY_DN32476_c1_g1;Xboc_model_8812,0.0011994358421912412,3.5711495196009656e-05,Isopu_TRINITY_DN29620_c0_g2;Xboc_model_4935,0.00010615233334076998,1.7344354477307305e-34,Isopu_TRINITY_DN24689_c1_g2;Xboc_model_7522,8.257755740273902e-175,9.020724251693432e-84,Isopu_TRINITY_DN24689_c1_g2;Xboc_model_7522,8.257755740273902e-175,2.0026094591664416e-68,Isopu_TRINITY_DN25781_c0_g4;Xboc_model_13686,1.1859630764483108e-70,5.193608250185905e-305,Isopu_TRINITY_DN28067_c0_g2;Xboc_model_9394,0.00016959054792279766,0.0026991661666970397,Isopu_TRINITY_DN22381_c0_g1;Xboc_model_6897,2.83327367671727e-07,4.1087159167690446e-26,,,,Isopu_TRINITY_DN31612_c0_g7;Xboc_model_12110,3.529463222062938e-11,1.9023237110217166e-05,Isopu_TRINITY_DN25781_c0_g4;Xboc_model_13686,1.1501538597478663e-17,5.193608250185905e-305
Isopu_TRINITY_DN29111_c4_g1;Xboc_model_238,6.650909052039965e-16,1.0389984031637468e-45,Isopu_TRINITY_DN27441_c1_g1;Xboc_model_10642,9.801418829047656e-24,2.6447455268418946e-122,Isopu_TRINITY_DN27441_c1_g2;Xboc_model_13686,2.6534815494708702e-06,5.193608250185905e-305,Isopu_TRINITY_DN27095_c0_g1;Xboc_model_10963,1.4180028978568844e-73,3.5606324083409e-157,Isopu_TRINITY_DN26617_c0_g7;Xboc_model_3134,9.358277893856892e-43,0.0,Isopu_TRINITY_DN19873_c0_g1;Xboc_model_10963,8.450076367595731e-11,3.5606324083409e-157,Isopu_TRINITY_DN19873_c0_g1;Xboc_model_765,8.450076367595731e-11,1.520029210761e-310,Isopu_TRINITY_DN27569_c0_g3;Xboc_model_14229,4.818419608707258e-72,0.0021060031590083733,Isopu_TRINITY_DN33305_c4_g1;Xboc_model_13686,1.1440151761952454e-177,5.193608250185905e-305,Isopu_TRINITY_DN29658_c1_g3;Xboc_model_3275,4.752039439427487e-72,2.0922962519175227e-124,,,,Isopu_TRINITY_DN29111_c4_g1;Xboc_model_238,3.668583886578554e-29,1.0389984031637468e-45,Isopu_TRINITY_DN22495_c0_g1;Xboc_model_5049,2.884925390107258e-07,1.7967131497022398e-10,Isopu_TRINITY_DN29843_c1_g1;Xboc_model_8234,2.227629398630827e-05,9.825132077760315e-07,Isopu_TRINITY_DN17915_c0_g1;Xboc_model_6655,1.6444173399034048e-26,1.7923411053392836e-214,Isopu_TRINITY_DN24689_c1_g3;Xboc_model_7522,1.6219513649533287e-132,9.315857376703156e-63,Isopu_TRINITY_DN24906_c0_g1;Xboc_model_12554,2.2599414095106137e-05,1.0330601518157708e-08,Isopu_TRINITY_DN29620_c0_g2;Xboc_model_4935,0.00010615233334076998,1.088497726579661e-39,Isopu_TRINITY_DN29620_c0_g2;Xboc_model_8585,0.00010615233334076998,2.1398032815060317e-18,Isopu_TRINITY_DN27273_c0_g1;Xboc_model_13686,1.627720647865047e-14,5.193608250185905e-305,Isopu_TRINITY_DN26431_c0_g2;Xboc_model_13653,5.1910923746881395e-06,0.0006255911969282046,Isopu_TRINITY_DN22583_c1_g1;Xboc_model_9285,8.039607257828059e-14,2.5031434360680365e-28,,,,Isopu_TRINITY_DN16991_c0_g1;Xboc_model_1535,0.006367227622130794,9.415860657455926e-91,Isopu_TRINITY_DN27273_c0_g1;Xboc_model_13686,5.765201959649943e-08,5.193608250185905e-305
Isopu_TRINITY_DN29522_c0_g3;Xboc_model_4860,7.388656443276265e-39,1.0857204462927523e-05,Isopu_TRINITY_DN27273_c0_g1;Xboc_model_10642,1.0446033505892958e-38,2.6447455268418946e-122,Isopu_TRINITY_DN28698_c0_g1;Xboc_model_9738,0.0041006015953445945,2.3079589473811436e-40,Isopu_TRINITY_DN27095_c0_g2;Xboc_model_10796,2.35140188072349e-48,5.728269233798078e-253,Isopu_TRINITY_DN27095_c0_g1;Xboc_model_765,1.4180028978568844e-73,1.520029210761e-310,Isopu_TRINITY_DN26634_c2_g2;Xboc_model_10796,6.033581408035619e-06,5.728269233798078e-253,Isopu_TRINITY_DN27095_c0_g1;Xboc_model_3134,9.177556468126823e-11,0.0,Isopu_TRINITY_DN33009_c1_g1;Xboc_model_8639,1.0815497434624401e-15,6.649124672171641e-27,Isopu_TRINITY_DN27441_c1_g2;Xboc_model_13686,3.693423694857515e-171,5.193608250185905e-305,Isopu_TRINITY_DN32257_c0_g1;Xboc_model_1093,1.450331464721691e-20,0.0,,,,Isopu_TRINITY_DN21534_c0_g1;Xboc_model_3167,9.986789404754756e-24,2.407489532866446e-14,Isopu_TRINITY_DN29111_c4_g1;Xboc_model_1908,3.668583886578554e-29,9.646485544041311e-20,Isopu_TRINITY_DN27273_c0_g1;Xboc_model_237,4.802630853763217e-16,2.153339333702025e-32,Isopu_TRINITY_DN27826_c0_g1;Xboc_model_1773,0.0007264009694645969,5.592505862052341e-05,Isopu_TRINITY_DN24689_c1_g2;Xboc_model_7522,8.257755740273902e-175,9.315857376703156e-63,Isopu_TRINITY_DN19832_c0_g2;Xboc_model_7522,3.3581351264665616e-07,7.761422134714588e-50,Isopu_TRINITY_DN29098_c1_g1;Xboc_model_1910,3.6844175482840625e-08,0.0005382444496798665,Isopu_TRINITY_DN24689_c1_g3;Xboc_model_7526,1.6219513649533287e-132,0.0035734966012850988,Isopu_TRINITY_DN27441_c1_g2;Xboc_model_10642,6.16233627885015e-86,2.6447455268418946e-122,Isopu_TRINITY_DN27441_c1_g2;Xboc_model_1908,6.16233627885015e-86,9.646485544041311e-20,Isopu_TRINITY_DN26402_c9_g1;Xboc_model_12658,0.0001915267279867952,2.268507465795793e-66,,,,Isopu_TRINITY_DN28996_c0_g8;Xboc_model_8939,1.2740526501357686e-07,1.790098929806032e-27,Isopu_TRINITY_DN27441_c1_g2;Xboc_model_10642,1.8252985799646766e-35,2.6447455268418946e-122
Isopu_TRINITY_DN29111_c4_g1;Xboc_model_8173,6.650909052039965e-16,2.4710118100555654e-05,Isopu_TRINITY_DN33305_c4_g1;Xboc_model_13686,8.200178092897958e-33,5.193608250185905e-305,Isopu_TRINITY_DN25781_c0_g4;Xboc_model_10642,1.1551575460088504e-13,2.6447455268418946e-122,Isopu_TRINITY_DN27095_c0_g1;Xboc_model_10796,1.4180028978568844e-73,5.728269233798078e-253,Isopu_TRINITY_DN27095_c0_g2;Xboc_model_3134,2.35140188072349e-48,0.0,Isopu_TRINITY_DN26634_c2_g2;Xboc_model_10963,6.033581408035619e-06,3.5606324083409e-157,Isopu_TRINITY_DN27095_c0_g1;Xboc_model_765,9.177556468126823e-11,1.520029210761e-310,Isopu_TRINITY_DN29644_c1_g1;Xboc_model_14229,9.575105751211711e-11,0.0021060031590083733,Isopu_TRINITY_DN27441_c1_g1;Xboc_model_10642,7.037905335618964e-115,2.6447455268418946e-122,Isopu_TRINITY_DN29658_c1_g3;Xboc_model_10723,4.752039439427487e-72,9.56033745188019e-78,,,,Isopu_TRINITY_DN26801_c4_g2;Xboc_model_510,1.5658336793925921e-27,5.078360873846777e-116,Isopu_TRINITY_DN24220_c3_g2;Xboc_model_1908,3.9325034216288234e-12,9.646485544041311e-20,Isopu_TRINITY_DN28847_c0_g4;Xboc_model_8234,0.0016074982689802807,9.825132077760315e-07,Isopu_TRINITY_DN32053_c0_g2;Xboc_model_11239,0.0004559134567537379,3.4144579793424866e-15,Isopu_TRINITY_DN29620_c0_g2;Xboc_model_8585,0.00010615233334076998,1.928849864547464e-15,Isopu_TRINITY_DN32053_c0_g2;Xboc_model_5697,0.0004559134567537379,1.0747455189039489e-13,Isopu_TRINITY_DN30966_c0_g1;Xboc_model_5816,0.0035437662938595156,1.6318844362547437e-14,Isopu_TRINITY_DN24689_c1_g2;Xboc_model_7526,8.257755740273902e-175,0.0035734966012850988,Isopu_TRINITY_DN27441_c1_g1;Xboc_model_13686,0.000912899419285548,5.193608250185905e-305,Isopu_TRINITY_DN25781_c0_g4;Xboc_model_1908,1.1859630764483108e-70,9.646485544041311e-20,Isopu_TRINITY_DN27945_c0_g2;Xboc_model_1540,0.0005150780601404382,0.0014628662463782981,,,,Isopu_TRINITY_DN26402_c9_g1;Xboc_model_12658,0.0001915267279867952,1.395980679532088e-80,Isopu_TRINITY_DN33305_c4_g1;Xboc_model_10642,1.4266671522746454e-26,2.6447455268418946e-122
Isopu_TRINITY_DN21776_c2_g2;Xboc_model_7642,1.3877971575553682e-07,0.0,Isopu_TRINITY_DN24220_c3_g2;Xboc_model_10642,3.414220845720058e-14,2.6447455268418946e-122,Isopu_TRINITY_DN33305_c4_g1;Xboc_model_10642,2.70410311295359e-07,2.6447455268418946e-122,Isopu_TRINITY_DN26617_c0_g7;Xboc_model_10796,9.358277893856892e-43,5.728269233798078e-253,Isopu_TRINITY_DN22570_c0_g2;Xboc_model_3134,5.5624604536068e-41,0.0,Isopu_TRINITY_DN28054_c0_g2;Xboc_g7257,1.9348060694681005e-21,7.453410262424843e-38,Isopu_TRINITY_DN32540_c0_g1;Xboc_model_7642,6.213676592734498e-08,0.0,Isopu_TRINITY_DN27507_c1_g1;Xboc_model_13687,8.74793599781914e-05,2.304741472786509e-113,Isopu_TRINITY_DN24220_c3_g2;Xboc_model_13686,3.3288247517920074e-36,5.193608250185905e-305,Isopu_TRINITY_DN21883_c0_g2;Xboc_model_6660,2.6604379285944476e-81,3.851834976067486e-124,,,,Isopu_TRINITY_DN23027_c0_g8;Xboc_model_7926,3.7745843531143125e-20,1.3722861096712695e-68,Isopu_TRINITY_DN29111_c4_g1;Xboc_model_10642,3.668583886578554e-29,9.364716822518466e-24,Isopu_TRINITY_DN27441_c1_g1;Xboc_model_237,1.8751749321467508e-06,2.153339333702025e-32,Isopu_TRINITY_DN22020_c0_g1;Xboc_model_11239,0.007309589830528112,3.4144579793424866e-15,Isopu_TRINITY_DN29098_c1_g2;Xboc_model_8813,2.6303363026416654e-06,8.228680221844527e-36,Isopu_TRINITY_DN28326_c2_g3;Xboc_model_6792,0.002241864472359778,1.7863159592218885e-07,Isopu_TRINITY_DN29620_c0_g2;Xboc_model_8585,0.00010615233334076998,3.164654367449197e-11,Isopu_TRINITY_DN19832_c0_g2;Xboc_model_7522,3.3581351264665616e-07,2.0026094591664416e-68,Isopu_TRINITY_DN33305_c4_g1;Xboc_model_10642,4.0925675094775507e-60,2.6447455268418946e-122,Isopu_TRINITY_DN27441_c1_g2;Xboc_model_10642,6.16233627885015e-86,9.364716822518466e-24,Isopu_TRINITY_DN31095_c1_g2;Xboc_model_6180,0.006791813446107969,1.745924157637687e-149,,,,Isopu_TRINITY_DN27132_c0_g7;Xboc_model_4701,0.004740831184528545,1.4170659007021752e-45,Isopu_TRINITY_DN25781_c0_g4;Xboc_model_10642,1.1501538597478663e-17,2.6447455268418946e-122
Isopu_TRINITY_DN30437_c4_g2;Xboc_model_10785,3.567547231256382e-05,3.2014922460514875e-21,Isopu_TRINITY_DN27441_c1_g2;Xboc_model_13686,2.701360564142471e-23,5.193608250185905e-305,Isopu_TRINITY_DN27441_c1_g2;Xboc_model_10642,2.6534815494708702e-06,2.6447455268418946e-122,Isopu_TRINITY_DN16314_c0_g1;Xboc_model_10963,3.5895046264087025e-28,3.5606324083409e-157,Isopu_TRINITY_DN27095_c0_g1;Xboc_model_3134,1.4180028978568844e-73,0.0,Isopu_TRINITY_DN27095_c0_g1;Xboc_model_1141,9.177556468126823e-11,1.2845821361537508e-78,Isopu_TRINITY_DN26634_c2_g2;Xboc_model_3134,6.033581408035619e-06,0.0,Isopu_TRINITY_DN28698_c0_g1;Xboc_model_9738,2.100753242628173e-06,2.3079589473811436e-40,Isopu_TRINITY_DN27273_c0_g1;Xboc_model_10642,2.7284571529082188e-135,2.6447455268418946e-122,Isopu_TRINITY_DN22995_c0_g1;Xboc_model_3478,3.1429615394327456e-50,1.2756936955355156e-27,,,,Isopu_TRINITY_DN27757_c0_g1;Xboc_model_1355,0.000324998576736259,0.0,Isopu_TRINITY_DN21534_c1_g3;Xboc_model_11366,0.0012143456042514708,1.7117188545517824e-05,Isopu_TRINITY_DN27204_c0_g2;Xboc_model_11648,0.0005643390327490824,4.562962294353717e-10,Isopu_TRINITY_DN25796_c0_g1;Xboc_model_10785,6.975604640776377e-05,3.2014922460514875e-21,Isopu_TRINITY_DN29620_c0_g2;Xboc_model_4935,0.00010615233334076998,3.197949878155638e-21,Isopu_TRINITY_DN25183_c0_g3;Xboc_model_6792,5.72319531379954e-06,1.7863159592218885e-07,Isopu_TRINITY_DN29620_c0_g2;Xboc_model_9799,0.00010615233334076998,0.0007642527842685958,Isopu_TRINITY_DN28326_c2_g3;Xboc_model_6792,0.002241864472359778,7.50208664784693e-40,Isopu_TRINITY_DN25781_c0_g4;Xboc_model_10642,1.1859630764483108e-70,2.6447455268418946e-122,Isopu_TRINITY_DN25781_c0_g4;Xboc_model_10642,1.1859630764483108e-70,9.364716822518466e-24,Isopu_TRINITY_DN31095_c1_g2;Xboc_model_2621,0.006791813446107969,1.72474669325055e-14,,,,Isopu_TRINITY_DN22381_c0_g1;Xboc_model_6897,2.83327367671727e-07,3.2526195121831026e-32,Isopu_TRINITY_DN28847_c0_g1;Xboc_g5180,5.4555021682643115e-06,1.5483475151198248e-153
Isopu_TRINITY_DN23027_c0_g8;Xboc_model_7926,1.20382774236908e-07,1.3722861096712695e-68,Isopu_TRINITY_DN27273_c0_g3;Xboc_model_13686,0.0004956642735045974,5.193608250185905e-305,Isopu_TRINITY_DN32465_c0_g7;Xboc_model_3942,0.0023996990973009645,0.0005289963047061817,Isopu_TRINITY_DN23833_c0_g5;Xboc_model_10963,2.3686357387721256e-26,3.5606324083409e-157,Isopu_TRINITY_DN32540_c0_g1;Xboc_model_7642,6.040061423906468e-107,0.0,Isopu_TRINITY_DN19873_c0_g1;Xboc_model_1141,8.450076367595731e-11,1.2845821361537508e-78,Isopu_TRINITY_DN26634_c2_g2;Xboc_model_765,6.033581408035619e-06,1.520029210761e-310,Isopu_TRINITY_DN28415_c2_g2;Xboc_model_3829,7.181684399594813e-05,6.356734853940524e-21,Isopu_TRINITY_DN27273_c0_g3;Xboc_model_10642,4.304599074569994e-33,2.6447455268418946e-122,Isopu_TRINITY_DN25823_c3_g3;Xboc_model_6778,6.4256330520335205e-06,6.75835248987748e-182,,,,Isopu_TRINITY_DN28901_c0_g1;Xboc_model_13512,2.818240719522442e-12,1.2065785327359145e-33,Isopu_TRINITY_DN23078_c0_g5;Xboc_model_3535,0.0007332557249778341,1.1009531267701456e-53,Isopu_TRINITY_DN20640_c0_g1;Xboc_model_4119,2.620326702116505e-06,0.00611869496430919,Isopu_TRINITY_DN32053_c0_g2;Xboc_model_11408,0.0004559134567537379,0.003719125105582403,Isopu_TRINITY_DN32892_c2_g1;Xboc_model_8813,1.1630562894188532e-50,8.228680221844527e-36,Isopu_TRINITY_DN29714_c3_g6;Xboc_model_6792,0.003860846101301619,1.7863159592218885e-07,Isopu_TRINITY_DN24689_c1_g3;Xboc_model_7526,1.6219513649533287e-132,0.0031689060310340056,Isopu_TRINITY_DN25183_c0_g3;Xboc_model_6792,5.72319531379954e-06,7.50208664784693e-40,Isopu_TRINITY_DN27273_c0_g1;Xboc_model_10642,1.627720647865047e-14,2.6447455268418946e-122,Isopu_TRINITY_DN33305_c4_g1;Xboc_model_1908,4.0925675094775507e-60,9.646485544041311e-20,,,,,,,Isopu_TRINITY_DN31317_c0_g4;Xboc_model_1877,0.001509662607459877,2.0779312819298887e-35,Isopu_TRINITY_DN27441_c1_g1;Xboc_model_13686,0.009358708564321127,5.193608250185905e-305
Isopu_TRINITY_DN22591_c1_g1;Xboc_model_4774,0.007983498512461084,3.8405060119420285e-53,Isopu_TRINITY_DN28847_c0_g1;Xboc_g5180,1.1558239683778316e-05,1.5483475151198248e-153,,,,Isopu_TRINITY_DN23833_c0_g5;Xboc_model_10796,2.3686357387721256e-26,5.728269233798078e-253,Isopu_TRINITY_DN16314_c0_g1;Xboc_model_765,3.5895046264087025e-28,1.520029210761e-310,Isopu_TRINITY_DN23833_c0_g5;Xboc_model_10796,0.00031299190321064396,5.728269233798078e-253,Isopu_TRINITY_DN32540_c1_g1;Xboc_model_7642,6.660146540644327e-06,0.0,Isopu_TRINITY_DN25964_c0_g3;Xboc_model_14229,5.448811306776821e-07,0.0021060031590083733,Isopu_TRINITY_DN25781_c0_g4;Xboc_model_13686,3.544693278328955e-95,5.193608250185905e-305,Isopu_TRINITY_DN22995_c0_g1;Xboc_model_3472,3.1429615394327456e-50,6.698887428809847e-24,,,,Isopu_TRINITY_DN22450_c0_g1;Xboc_model_5581,8.232574670339493e-19,5.332328951137044e-23,Isopu_TRINITY_DN26325_c0_g2;Xboc_model_1145,5.129653750357009e-05,0.0007058982445269114,Isopu_TRINITY_DN30437_c4_g2;Xboc_model_10785,1.4587687130284804e-05,1.3788785042815346e-20,Isopu_TRINITY_DN28326_c2_g3;Xboc_model_10785,0.002241864472359778,3.2014922460514875e-21,Isopu_TRINITY_DN16342_c0_g1;Xboc_model_52,1.5724187992430027e-05,0.002530050215654093,Isopu_TRINITY_DN25796_c0_g1;Xboc_model_6792,6.975604640776377e-05,1.7863159592218885e-07,Isopu_TRINITY_DN24689_c1_g2;Xboc_model_7526,8.257755740273902e-175,0.0031689060310340056,Isopu_TRINITY_DN25796_c0_g1;Xboc_model_6792,6.975604640776377e-05,7.50208664784693e-40,Isopu_TRINITY_DN27441_c1_g1;Xboc_model_10642,0.000912899419285548,2.6447455268418946e-122,Isopu_TRINITY_DN33305_c4_g1;Xboc_model_10642,4.0925675094775507e-60,9.364716822518466e-24,,,,,,,Isopu_TRINITY_DN27945_c0_g2;Xboc_model_1540,0.0005150780601404382,1.809294013539271e-14,Isopu_TRINITY_DN27030_c0_g1;Xboc_model_3634,1.1880478213961428e-18,8.600834987196101e-05
Isopu_TRINITY_DN28901_c0_g1;Xboc_model_13512,0.00388458980359639,1.2065785327359145e-33,Isopu_TRINITY_DN33305_c4_g1;Xboc_model_10642,8.200178092897958e-33,2.6447455268418946e-122,,,,Isopu_TRINITY_DN27095_c0_g2;Xboc_model_1141,2.35140188072349e-48,1.2845821361537508e-78,Isopu_TRINITY_DN16314_c0_g1;Xboc_model_3134,3.5895046264087025e-28,0.0,Isopu_TRINITY_DN23833_c0_g5;Xboc_model_10963,0.00031299190321064396,3.5606324083409e-157,Isopu_TRINITY_DN19873_c0_g1;Xboc_model_1141,8.450076367595731e-11,5.281162222327915e-38,Isopu_TRINITY_DN26373_c0_g4;Xboc_model_3829,0.00036173913716031834,6.356734853940524e-21,Isopu_TRINITY_DN33305_c4_g1;Xboc_model_10642,1.1440151761952454e-177,2.6447455268418946e-122,Isopu_TRINITY_DN20715_c0_g1;Xboc_model_6438,0.004178813898325047,0.0,,,,Isopu_TRINITY_DN29111_c4_g1;Xboc_model_8173,3.668583886578554e-29,2.4710118100555654e-05,Isopu_TRINITY_DN27273_c0_g1;Xboc_model_1908,4.802630853763217e-16,9.646485544041311e-20,Isopu_TRINITY_DN22988_c1_g1;Xboc_model_8234,1.8424406913988147e-06,9.825132077760315e-07,Isopu_TRINITY_DN29714_c3_g6;Xboc_model_10785,0.003860846101301619,3.2014922460514875e-21,Isopu_TRINITY_DN19832_c0_g2;Xboc_model_7522,3.3581351264665616e-07,9.315857376703156e-63,,,,Isopu_TRINITY_DN25183_c0_g3;Xboc_model_6792,5.72319531379954e-06,2.6589355498444146e-21,Isopu_TRINITY_DN29714_c3_g6;Xboc_model_6792,0.003860846101301619,7.50208664784693e-40,Isopu_TRINITY_DN23900_c0_g2;Xboc_model_3829,0.0022757985032124074,6.356734853940524e-21,Isopu_TRINITY_DN27441_c1_g2;Xboc_model_13686,6.16233627885015e-86,4.0785853822522106e-13,,,,,,,Isopu_TRINITY_DN28127_c1_g1;Xboc_model_6180,7.7508744255073e-12,2.5420754414989497e-14,Isopu_TRINITY_DN27273_c0_g1;Xboc_model_10642,5.765201959649943e-08,2.6447455268418946e-122
Isopu_TRINITY_DN22381_c0_g1;Xboc_model_6897,0.009338555670520039,4.1087159167690446e-26,Isopu_TRINITY_DN25781_c0_g4;Xboc_model_13686,4.307989590306977e-17,5.193608250185905e-305,,,,Isopu_TRINITY_DN26634_c2_g2;Xboc_model_10963,4.799038617227854e-17,3.5606324083409e-157,Isopu_TRINITY_DN28054_c0_g2;Xboc_g7257,1.806074899927585e-57,1.2687898734726135e-205,Isopu_TRINITY_DN27095_c0_g1;Xboc_model_3134,9.177556468126823e-11,2.8129470163870646e-84,Isopu_TRINITY_DN27095_c0_g1;Xboc_model_1141,9.177556468126823e-11,5.281162222327915e-38,Isopu_TRINITY_DN23961_c0_g1;Xboc_model_3829,0.0002441940076699595,6.356734853940524e-21,Isopu_TRINITY_DN27441_c1_g2;Xboc_model_10642,3.693423694857515e-171,2.6447455268418946e-122,Isopu_TRINITY_DN27066_c0_g2;Xboc_model_3478,8.227083173698604e-16,1.2756936955355156e-27,,,,Isopu_TRINITY_DN28893_c1_g3;Xboc_model_1355,0.000424707578423361,0.0,Isopu_TRINITY_DN24220_c3_g2;Xboc_model_10642,3.9325034216288234e-12,9.364716822518466e-24,Isopu_TRINITY_DN29111_c4_g1;Xboc_model_10642,3.668583886578554e-29,1.569790806726383e-12,Isopu_TRINITY_DN28341_c3_g3;Xboc_model_10767,0.009326889019398925,0.006706891768154081,Isopu_TRINITY_DN32053_c0_g2;Xboc_model_5697,0.0004559134567537379,7.23428066586997e-09,,,,Isopu_TRINITY_DN28326_c2_g3;Xboc_model_6792,0.002241864472359778,2.6589355498444146e-21,Isopu_TRINITY_DN32053_c0_g2;Xboc_model_5697,0.0004559134567537379,3.893328825391064e-09,Isopu_TRINITY_DN32351_c0_g6;Xboc_model_3664,2.9444504378075468e-21,0.00045346221165841146,Isopu_TRINITY_DN25781_c0_g4;Xboc_model_13686,1.1859630764483108e-70,4.0785853822522106e-13,,,,,,,Isopu_TRINITY_DN18392_c0_g1;Xboc_model_12110,0.0055309286688137406,1.9023237110217166e-05,Isopu_TRINITY_DN27441_c1_g1;Xboc_model_10642,0.009358708564321127,2.6447455268418946e-122
Isopu_TRINITY_DN22583_c1_g1;Xboc_model_9285,9.044907744493108e-07,2.5031434360680365e-28,Isopu_TRINITY_DN27441_c1_g2;Xboc_model_10642,2.701360564142471e-23,2.6447455268418946e-122,,,,Isopu_TRINITY_DN22570_c0_g2;Xboc_model_1141,5.5624604536068e-41,1.2845821361537508e-78,Isopu_TRINITY_DN23833_c0_g5;Xboc_model_3134,2.3686357387721256e-26,0.0,Isopu_TRINITY_DN19873_c0_g1;Xboc_model_3134,8.450076367595731e-11,2.8129470163870646e-84,Isopu_TRINITY_DN22591_c0_g1;Xboc_model_7353,4.26011949837053e-05,1.3965823304734238e-44,Isopu_TRINITY_DN29649_c0_g3;Xboc_model_14229,0.007976847430070088,0.0021060031590083733,Isopu_TRINITY_DN28279_c0_g1;Xboc_model_13686,3.4469838871544827e-07,5.193608250185905e-305,Isopu_TRINITY_DN20354_c0_g1;Xboc_model_8500,2.7112982731535135e-30,6.228891484178966e-36,,,,Isopu_TRINITY_DN22760_c0_g6;Xboc_model_1355,0.0005053062097969355,0.0,Isopu_TRINITY_DN24468_c1_g1;Xboc_model_7101,6.831086363891552e-12,0.007523559083767821,Isopu_TRINITY_DN25750_c0_g2;Xboc_model_8234,0.002859128953916818,9.825132077760315e-07,,,,Isopu_TRINITY_DN25183_c0_g3;Xboc_model_6792,5.72319531379954e-06,3.14135083628211e-07,,,,Isopu_TRINITY_DN29714_c3_g6;Xboc_model_6792,0.003860846101301619,2.6589355498444146e-21,Isopu_TRINITY_DN19832_c0_g2;Xboc_model_7526,3.3581351264665616e-07,0.0035734966012850988,Isopu_TRINITY_DN32351_c0_g6;Xboc_model_10928,2.9444504378075468e-21,0.009876235382143118,Isopu_TRINITY_DN33305_c4_g1;Xboc_model_13686,4.0925675094775507e-60,4.0785853822522106e-13,,,,,,,Isopu_TRINITY_DN22583_c1_g1;Xboc_model_9285,8.039607257828059e-14,0.0008580535887555688,Isopu_TRINITY_DN22117_c0_g3;Xboc_model_972,9.98694014081608e-16,5.056054945312785e-07
Isopu_TRINITY_DN28901_c0_g1;Xboc_model_1569,0.00388458980359639,2.282364857068167e-18,Isopu_TRINITY_DN31322_c0_g3;Xboc_model_10642,0.0005108409545641756,2.6447455268418946e-122,,,,Isopu_TRINITY_DN27095_c0_g1;Xboc_model_1141,1.4180028978568844e-73,1.2845821361537508e-78,Isopu_TRINITY_DN25989_c0_g1;Xboc_model_765,7.39633672794706e-08,1.520029210761e-310,Isopu_TRINITY_DN28369_c0_g2;Xboc_model_6045,0.00715234636804163,2.879707530315428e-19,Isopu_TRINITY_DN23833_c0_g5;Xboc_model_3134,0.00031299190321064396,0.0,Isopu_TRINITY_DN32779_c0_g1;Xboc_model_9059,7.286525168888932e-07,5.236979613264668e-08,Isopu_TRINITY_DN24220_c3_g2;Xboc_model_10642,3.3288247517920074e-36,2.6447455268418946e-122,Isopu_TRINITY_DN27289_c0_g1;Xboc_model_3478,1.1001134192677078e-12,1.2756936955355156e-27,,,,Isopu_TRINITY_DN23758_c0_g1;Xboc_model_1355,0.0005048555035000147,0.0,Isopu_TRINITY_DN28981_c0_g1;Xboc_model_7611,1.1865554783946096e-13,0.0005947783148802568,Isopu_TRINITY_DN26169_c0_g1;Xboc_model_8234,0.004104180532287984,9.825132077760315e-07,,,,Isopu_TRINITY_DN28326_c2_g3;Xboc_model_6792,0.002241864472359778,3.14135083628211e-07,,,,Isopu_TRINITY_DN25796_c0_g1;Xboc_model_6792,6.975604640776377e-05,2.6589355498444146e-21,,,,Isopu_TRINITY_DN28847_c0_g1;Xboc_g5180,9.143844469048123e-14,1.5483475151198248e-153,Isopu_TRINITY_DN27273_c0_g1;Xboc_model_1908,1.627720647865047e-14,9.646485544041311e-20,,,,,,,Isopu_TRINITY_DN20133_c0_g1;Xboc_model_14233,3.5654915325367385e-08,0.0008746794391860346,Isopu_TRINITY_DN22117_c0_g3;Xboc_model_12585,9.98694014081608e-16,0.0027433710357218258
Isopu_TRINITY_DN28850_c0_g2;Xboc_model_6897,0.0013658163453157783,4.1087159167690446e-26,Isopu_TRINITY_DN27273_c0_g3;Xboc_model_10642,0.0004956642735045974,2.6447455268418946e-122,,,,Isopu_TRINITY_DN26617_c0_g7;Xboc_model_1141,9.358277893856892e-43,1.2845821361537508e-78,Isopu_TRINITY_DN25989_c0_g1;Xboc_model_3134,7.39633672794706e-08,0.0,Isopu_TRINITY_DN26634_c2_g2;Xboc_model_1141,6.033581408035619e-06,1.2845821361537508e-78,Isopu_TRINITY_DN26634_c2_g2;Xboc_model_1141,6.033581408035619e-06,5.281162222327915e-38,Isopu_TRINITY_DN30728_c0_g4;Xboc_model_3942,1.352973872014529e-05,0.0005289963047061817,Isopu_TRINITY_DN20074_c0_g1;Xboc_g5180,0.00016698859843800604,1.5483475151198248e-153,Isopu_TRINITY_DN31496_c0_g1;Xboc_model_3472,1.4154833826692898e-29,6.698887428809847e-24,,,,Isopu_TRINITY_DN28901_c0_g1;Xboc_model_1569,2.818240719522442e-12,2.282364857068167e-18,Isopu_TRINITY_DN27441_c1_g1;Xboc_model_1908,1.8751749321467508e-06,9.646485544041311e-20,Isopu_TRINITY_DN27599_c0_g2;Xboc_model_4119,0.0056746598196333676,0.00611869496430919,,,,Isopu_TRINITY_DN25796_c0_g1;Xboc_model_6792,6.975604640776377e-05,3.14135083628211e-07,,,,Isopu_TRINITY_DN19832_c0_g2;Xboc_model_7522,3.3581351264665616e-07,9.020724251693432e-84,,,,Isopu_TRINITY_DN32351_c0_g6;Xboc_model_3365,2.9444504378075468e-21,0.009861246054345239,Isopu_TRINITY_DN27273_c0_g1;Xboc_model_10642,1.627720647865047e-14,9.364716822518466e-24,,,,,,,Isopu_TRINITY_DN26287_c1_g1;Xboc_model_3532,0.006543211911141984,3.061309493261956e-05,Isopu_TRINITY_DN32351_c0_g6;Xboc_model_3365,2.278313378994913e-08,0.009861246054345239
Isopu_TRINITY_DN26801_c4_g2;Xboc_model_7926,0.0024893107678635776,1.3722861096712695e-68,Isopu_TRINITY_DN25781_c0_g4;Xboc_model_10642,4.307989590306977e-17,2.6447455268418946e-122,,,,Isopu_TRINITY_DN26634_c2_g2;Xboc_model_10796,4.799038617227854e-17,5.728269233798078e-253,Isopu_TRINITY_DN26617_c0_g7;Xboc_model_1141,9.358277893856892e-43,5.281162222327915e-38,Isopu_TRINITY_DN28054_c0_g2;Xboc_model_7725,1.9348060694681005e-21,6.77600088057766e-08,Isopu_TRINITY_DN31008_c3_g2;Xboc_model_13760,2.6138365445270444e-12,1.916241591042777e-05,Isopu_TRINITY_DN32465_c0_g7;Xboc_model_3942,0.00016682017685505968,0.0005289963047061817,Isopu_TRINITY_DN25781_c0_g4;Xboc_model_10642,3.544693278328955e-95,2.6447455268418946e-122,Isopu_TRINITY_DN22995_c0_g1;Xboc_model_3471,3.1429615394327456e-50,2.0297186317762427e-07,,,,Isopu_TRINITY_DN22583_c1_g1;Xboc_model_9285,1.1675556391134678e-18,2.5031434360680365e-28,Isopu_TRINITY_DN27273_c0_g1;Xboc_model_10642,4.802630853763217e-16,9.364716822518466e-24,Isopu_TRINITY_DN22143_c0_g1;Xboc_model_8234,0.0023360200292014974,9.825132077760315e-07,,,,Isopu_TRINITY_DN29714_c3_g6;Xboc_model_6792,0.003860846101301619,3.14135083628211e-07,,,,Isopu_TRINITY_DN32053_c0_g2;Xboc_model_5697,0.0004559134567537379,2.8476808041735715e-13,,,,Isopu_TRINITY_DN31064_c0_g1;Xboc_model_2232,6.840504078264275e-11,0.00025714196573681133,Isopu_TRINITY_DN27273_c0_g1;Xboc_model_13686,1.627720647865047e-14,4.0785853822522106e-13,,,,,,,Isopu_TRINITY_DN31095_c1_g2;Xboc_model_6180,0.006791813446107969,2.5420754414989497e-14,Isopu_TRINITY_DN32351_c0_g6;Xboc_model_10928,2.278313378994913e-08,0.009876235382143118
Isopu_TRINITY_DN26801_c4_g2;Xboc_model_510,0.0024893107678635776,5.078360873846777e-116,Isopu_TRINITY_DN32955_c0_g4;Xboc_model_3634,0.0027455358119806606,8.600834987196101e-05,,,,Isopu_TRINITY_DN25204_c8_g1;Xboc_model_13555,1.253994277854301e-52,3.132500748562289e-253,Isopu_TRINITY_DN24002_c3_g3;Xboc_model_6757,2.3921095540431575e-23,1.020779563046915e-123,Isopu_TRINITY_DN29029_c1_g1;Xboc_model_5527,0.0006205075727624599,2.517011730193972e-48,Isopu_TRINITY_DN31008_c3_g2;Xboc_model_5495,2.6138365445270444e-12,0.004601721781436439,Isopu_TRINITY_DN23961_c0_g1;Xboc_model_6658,0.0002441940076699595,7.001907461039411e-07,Isopu_TRINITY_DN28847_c0_g1;Xboc_g5180,7.675040652323442e-10,1.5483475151198248e-153,Isopu_TRINITY_DN22995_c0_g1;Xboc_model_8560,3.1429615394327456e-50,6.153827615978531e-07,,,,Isopu_TRINITY_DN22381_c0_g1;Xboc_model_6897,2.577969785275313e-10,4.1087159167690446e-26,Isopu_TRINITY_DN29111_c4_g1;Xboc_model_13686,3.668583886578554e-29,4.0785853822522106e-13,Isopu_TRINITY_DN22760_c0_g6;Xboc_model_13642,0.0005053062097969355,2.5373118415202457e-15,,,,,,,,,,Isopu_TRINITY_DN19832_c0_g2;Xboc_model_7526,3.3581351264665616e-07,0.0031689060310340056,,,,Isopu_TRINITY_DN32955_c0_g4;Xboc_model_3634,3.7941655573024755e-14,8.600834987196101e-05,Isopu_TRINITY_DN27099_c1_g1;Xboc_model_7196,1.5359425966082805e-28,0.0064501591747413035,,,,,,,,,,Isopu_TRINITY_DN32351_c0_g6;Xboc_model_3664,2.278313378994913e-08,0.00045346221165841146
Isopu_TRINITY_DN22591_c1_g1;Xboc_model_11239,0.007983498512461084,3.4144579793424866e-15,Isopu_TRINITY_DN28847_c0_g4;Xboc_g5180,0.0037774703059270526,1.5483475151198248e-153,,,,Isopu_TRINITY_DN19873_c0_g1;Xboc_model_10963,2.5919855627623744e-18,3.5606324083409e-157,Isopu_TRINITY_DN27095_c0_g2;Xboc_model_1141,2.35140188072349e-48,5.281162222327915e-38,Isopu_TRINITY_DN27095_c0_g1;Xboc_model_9965,9.177556468126823e-11,1.3637429210934938e-16,Isopu_TRINITY_DN29376_c2_g5;Xboc_model_2338,3.819002883594205e-05,2.7847822444963172e-14,,,,Isopu_TRINITY_DN28279_c0_g1;Xboc_model_10642,3.4469838871544827e-07,2.6447455268418946e-122,Isopu_TRINITY_DN27066_c0_g2;Xboc_model_3472,8.227083173698604e-16,6.698887428809847e-24,,,,Isopu_TRINITY_DN26402_c9_g1;Xboc_model_12658,1.8910489954348734e-74,2.268507465795793e-66,Isopu_TRINITY_DN27945_c0_g2;Xboc_model_7510,1.2435948702647706e-15,3.4046243244146294e-05,Isopu_TRINITY_DN29843_c1_g1;Xboc_g5180,2.227629398630827e-05,1.856461883721657e-07,,,,,,,,,,,,,,,,Isopu_TRINITY_DN27030_c0_g1;Xboc_model_3634,7.36686479407416e-06,8.600834987196101e-05,Isopu_TRINITY_DN27441_c1_g1;Xboc_model_1908,0.000912899419285548,9.646485544041311e-20,,,,,,,,,,Isopu_TRINITY_DN27561_c0_g3;Xboc_model_14238,3.7597796787565695e-05,0.0023482954490571936
Isopu_TRINITY_DN26402_c9_g1;Xboc_model_12658,1.2253526770698147e-06,2.268507465795793e-66,Isopu_TRINITY_DN32351_c0_g6;Xboc_model_3664,0.00020904498154693246,0.00045346221165841146,,,,Isopu_TRINITY_DN16314_c0_g1;Xboc_model_1141,3.5895046264087025e-28,1.2845821361537508e-78,Isopu_TRINITY_DN22570_c0_g2;Xboc_model_1141,5.5624604536068e-41,5.281162222327915e-38,Isopu_TRINITY_DN27095_c0_g1;Xboc_model_765,9.177556468126823e-11,0.004227568209025072,Isopu_TRINITY_DN32540_c0_g1;Xboc_model_12571,6.213676592734498e-08,2.855892798476644e-05,,,,Isopu_TRINITY_DN26096_c1_g4;Xboc_g5180,0.00036579987801227973,1.5483475151198248e-153,Isopu_TRINITY_DN28079_c2_g1;Xboc_model_8631,8.727686410083851e-73,0.0022512946066038397,,,,Isopu_TRINITY_DN31591_c4_g2;Xboc_model_1355,0.008468428098190461,0.0,Isopu_TRINITY_DN27204_c0_g2;Xboc_model_3304,0.0005643390327490824,4.1439197092583465e-29,Isopu_TRINITY_DN30223_c0_g6;Xboc_model_3566,1.388979299400332e-05,1.220853763475003e-06,,,,,,,,,,,,,,,,Isopu_TRINITY_DN31493_c1_g2;Xboc_model_8612,5.8148017819628734e-05,0.0007551499761335742,Isopu_TRINITY_DN27441_c1_g1;Xboc_model_10642,0.000912899419285548,9.364716822518466e-24,,,,,,,,,,Isopu_TRINITY_DN18421_c0_g3;Xboc_model_12991,8.967457922932653e-05,0.004403731371752288
Isopu_TRINITY_DN27945_c0_g2;Xboc_model_1540,0.0016552266102445715,0.0014628662463782981,Isopu_TRINITY_DN20605_c0_g1;Xboc_model_3727,0.00016176497454482015,1.886164486395382e-15,,,,Isopu_TRINITY_DN19873_c0_g1;Xboc_model_10796,2.5919855627623744e-18,5.728269233798078e-253,Isopu_TRINITY_DN27095_c0_g1;Xboc_model_1141,1.4180028978568844e-73,5.281162222327915e-38,Isopu_TRINITY_DN19873_c0_g1;Xboc_model_9965,8.450076367595731e-11,1.3637429210934938e-16,Isopu_TRINITY_DN25796_c0_g1;Xboc_model_10785,0.0029452303004153307,3.2014922460514875e-21,,,,Isopu_TRINITY_DN32955_c0_g4;Xboc_model_3634,2.67554702798981e-18,8.600834987196101e-05,Isopu_TRINITY_DN27517_c0_g1;Xboc_model_3478,7.626989776765484e-06,1.2756936955355156e-27,,,,Isopu_TRINITY_DN27945_c0_g2;Xboc_model_1540,1.2435948702647706e-15,0.0014628662463782981,Isopu_TRINITY_DN27441_c1_g1;Xboc_model_10642,1.8751749321467508e-06,9.364716822518466e-24,Isopu_TRINITY_DN28847_c0_g4;Xboc_g5180,0.0016074982689802807,1.856461883721657e-07,,,,,,,,,,,,,,,,Isopu_TRINITY_DN20605_c0_g1;Xboc_model_3727,4.251030243037881e-05,1.886164486395382e-15,Isopu_TRINITY_DN21798_c0_g1;Xboc_model_890,0.0025083573220445257,0.007078462518128696,,,,,,,,,,Isopu_TRINITY_DN31064_c0_g1;Xboc_model_2232,0.0070709479283449445,0.00025714196573681133
Isopu_TRINITY_DN30403_c2_g1;Xboc_model_6121,0.0003487080993930803,0.0010804426515776012,Isopu_TRINITY_DN32351_c0_g6;Xboc_model_3365,0.00020904498154693246,0.009861246054345239,,,,Isopu_TRINITY_DN21292_c0_g1;Xboc_model_10963,1.0172814952208282e-08,3.5606324083409e-157,Isopu_TRINITY_DN26634_c2_g2;Xboc_model_765,4.799038617227854e-17,1.520029210761e-310,Isopu_TRINITY_DN26634_c2_g2;Xboc_model_3134,6.033581408035619e-06,2.8129470163870646e-84,Isopu_TRINITY_DN23833_c0_g5;Xboc_model_1141,0.00031299190321064396,5.281162222327915e-38,,,,Isopu_TRINITY_DN31322_c0_g3;Xboc_model_10642,6.397523133118068e-06,2.6447455268418946e-122,Isopu_TRINITY_DN27289_c0_g1;Xboc_model_3472,1.1001134192677078e-12,6.698887428809847e-24,,,,Isopu_TRINITY_DN26696_c0_g2;Xboc_model_1355,0.009648337140230093,0.0,Isopu_TRINITY_DN24220_c3_g2;Xboc_model_13686,3.9325034216288234e-12,4.0785853822522106e-13,Isopu_TRINITY_DN31156_c3_g4;Xboc_model_10785,1.9244339741220343e-05,1.3788785042815346e-20,,,,,,,,,,,,,,,,Isopu_TRINITY_DN22117_c0_g3;Xboc_model_972,1.286498613787693e-11,5.056054945312785e-07,Isopu_TRINITY_DN30430_c0_g1;Xboc_model_890,0.0008906624035774652,0.007078462518128696,,,,,,,,,,Isopu_TRINITY_DN29476_c0_g1;Xboc_model_972,0.004696892436671999,5.056054945312785e-07
Isopu_TRINITY_DN21776_c2_g2;Xboc_model_12571,1.3877971575553682e-07,2.855892798476644e-05,Isopu_TRINITY_DN32351_c0_g6;Xboc_model_10928,0.00020904498154693246,0.009876235382143118,,,,Isopu_TRINITY_DN25989_c0_g1;Xboc_model_10963,7.39633672794706e-08,3.5606324083409e-157,Isopu_TRINITY_DN19873_c0_g1;Xboc_model_765,2.5919855627623744e-18,1.520029210761e-310,Isopu_TRINITY_DN23833_c0_g5;Xboc_model_1141,0.00031299190321064396,1.2845821361537508e-78,Isopu_TRINITY_DN32540_c1_g1;Xboc_model_12571,6.660146540644327e-06,2.855892798476644e-05,,,,Isopu_TRINITY_DN22988_c1_g1;Xboc_g5180,0.0027717578106951665,1.5483475151198248e-153,Isopu_TRINITY_DN31496_c0_g1;Xboc_model_8560,1.4154833826692898e-29,6.153827615978531e-07,,,,Isopu_TRINITY_DN28850_c0_g2;Xboc_model_6897,1.1367357209070898e-07,4.1087159167690446e-26,Isopu_TRINITY_DN31196_c0_g1;Xboc_model_10642,0.00031293974422641924,9.364716822518466e-24,Isopu_TRINITY_DN24220_c3_g2;Xboc_model_10642,3.9325034216288234e-12,1.569790806726383e-12,,,,,,,,,,,,,,,,Isopu_TRINITY_DN22117_c0_g3;Xboc_model_12585,1.286498613787693e-11,0.0027433710357218258,Isopu_TRINITY_DN28981_c0_g1;Xboc_model_7611,0.0022854895055485834,0.0005947783148802568,,,,,,,,,,Isopu_TRINITY_DN32465_c0_g7;Xboc_model_3942,0.0029549081948615735,0.0005289963047061817
Isopu_TRINITY_DN22591_c1_g1;Xboc_model_11408,0.007983498512461084,0.003719125105582403,Isopu_TRINITY_DN28847_c0_g1;Xboc_model_10002,1.1558239683778316e-05,0.006820133031279302,,,,Isopu_TRINITY_DN29029_c1_g1;Xboc_model_5527,1.8177940153505016e-28,2.517011730193972e-48,Isopu_TRINITY_DN32540_c1_g1;Xboc_model_7642,7.906342967151106e-114,0.0,Isopu_TRINITY_DN19873_c0_g1;Xboc_model_765,8.450076367595731e-11,0.004227568209025072,Isopu_TRINITY_DN33252_c0_g1;Xboc_model_10767,0.0027234058259715246,0.006706891768154081,,,,Isopu_TRINITY_DN28698_c0_g1;Xboc_model_9738,0.009818182809580944,2.3079589473811436e-40,Isopu_TRINITY_DN28671_c0_g1;Xboc_model_3478,0.00012555954271498298,1.2756936955355156e-27,,,,Isopu_TRINITY_DN22929_c0_g1;Xboc_model_8122,3.080824726939339e-05,4.5213793380897017e-38,Isopu_TRINITY_DN24872_c0_g1;Xboc_model_7510,5.645560479622001e-05,3.4046243244146294e-05,Isopu_TRINITY_DN27757_c0_g1;Xboc_model_13642,0.000324998576736259,2.5373118415202457e-15,,,,,,,,,,,,,,,,Isopu_TRINITY_DN22405_c0_g1;Xboc_model_3664,0.0001337816670191146,0.00045346221165841146,Isopu_TRINITY_DN27441_c1_g1;Xboc_model_13686,0.000912899419285548,4.0785853822522106e-13,,,,,,,,,,Isopu_TRINITY_DN25154_c0_g1;Xboc_model_2547,0.0018307272278814241,0.003757092620789031
,,,,,,,,,Isopu_TRINITY_DN21292_c0_g1;Xboc_model_10796,1.0172814952208282e-08,5.728269233798078e-253,Isopu_TRINITY_DN26634_c2_g2;Xboc_model_3134,4.799038617227854e-17,0.0,Isopu_TRINITY_DN32540_c0_g1;Xboc_model_7642,6.213676592734498e-08,1.7192094869354313e-55,,,,,,,Isopu_TRINITY_DN31493_c1_g2;Xboc_model_8612,1.1401121052479802e-12,0.0007551499761335742,Isopu_TRINITY_DN27517_c1_g2;Xboc_model_3478,0.0009077239987690457,1.2756936955355156e-27,,,,Isopu_TRINITY_DN25010_c0_g2;Xboc_model_7926,5.311643180013225e-06,1.3722861096712695e-68,Isopu_TRINITY_DN22988_c1_g1;Xboc_model_8063,1.8424406913988147e-06,0.004514777589853552,Isopu_TRINITY_DN22988_c1_g1;Xboc_g5180,1.8424406913988147e-06,1.856461883721657e-07,,,,,,,,,,,,,,,,Isopu_TRINITY_DN22405_c0_g1;Xboc_model_10928,0.0001337816670191146,0.009876235382143118,Isopu_TRINITY_DN23794_c0_g1;Xboc_model_7196,0.0027926349946528328,0.0064501591747413035,,,,,,,,,,Isopu_TRINITY_DN28847_c0_g1;Xboc_model_10002,5.4555021682643115e-06,0.006820133031279302
,,,,,,,,,Isopu_TRINITY_DN23833_c0_g5;Xboc_model_1141,2.3686357387721256e-26,1.2845821361537508e-78,Isopu_TRINITY_DN19873_c0_g1;Xboc_model_3134,2.5919855627623744e-18,0.0,Isopu_TRINITY_DN23833_c0_g5;Xboc_model_3134,0.00031299190321064396,2.8129470163870646e-84,,,,,,,Isopu_TRINITY_DN27030_c0_g1;Xboc_model_3634,1.236715702851269e-06,8.600834987196101e-05,Isopu_TRINITY_DN27066_c0_g2;Xboc_model_3471,8.227083173698604e-16,2.0297186317762427e-07,,,,Isopu_TRINITY_DN24963_c0_g7;Xboc_model_7694,0.00018606085669420458,1.9946072160507784e-213,Isopu_TRINITY_DN27273_c0_g1;Xboc_model_13686,4.802630853763217e-16,4.0785853822522106e-13,Isopu_TRINITY_DN22988_c1_g1;Xboc_model_10002,1.8424406913988147e-06,0.0003293295072079502,,,,,,,,,,,,,,,,Isopu_TRINITY_DN29476_c0_g1;Xboc_model_972,2.1149890301539977e-06,5.056054945312785e-07,,,,,,,,,,,,,Isopu_TRINITY_DN31766_c2_g10;Xboc_model_13552,0.002847624929575855,0.005026267227201444
,,,,,,,,,Isopu_TRINITY_DN25989_c0_g1;Xboc_model_10796,7.39633672794706e-08,5.728269233798078e-253,Isopu_TRINITY_DN16314_c0_g1;Xboc_model_1141,3.5895046264087025e-28,5.281162222327915e-38,Isopu_TRINITY_DN26634_c2_g2;Xboc_model_9965,6.033581408035619e-06,1.3637429210934938e-16,,,,,,,Isopu_TRINITY_DN21551_c0_g2;Xboc_model_10561,0.0004101567940321533,5.896346611244846e-09,Isopu_TRINITY_DN27066_c0_g2;Xboc_model_8560,8.227083173698604e-16,6.153827615978531e-07,,,,Isopu_TRINITY_DN26169_c0_g1;Xboc_model_83,0.004104180532287984,3.126330545579267e-243,Isopu_TRINITY_DN27441_c1_g1;Xboc_model_13686,1.8751749321467508e-06,4.0785853822522106e-13,Isopu_TRINITY_DN24578_c1_g3;Xboc_model_7049,0.001072099301564933,2.4451937021409947e-05,,,,,,,,,,,,,,,,Isopu_TRINITY_DN22405_c0_g1;Xboc_model_3365,0.0001337816670191146,0.009861246054345239,,,,,,,,,,,,,,,
,,,,,,,,,Isopu_TRINITY_DN27095_c0_g2;Xboc_model_3134,2.35140188072349e-48,2.8129470163870646e-84,Isopu_TRINITY_DN21292_c0_g1;Xboc_model_765,1.0172814952208282e-08,1.520029210761e-310,Isopu_TRINITY_DN24159_c0_g1;Xboc_model_10373,9.692090454530684e-06,9.358886614609652e-07,,,,,,,Isopu_TRINITY_DN32351_c0_g6;Xboc_model_3664,2.0608474289418274e-11,0.00045346221165841146,Isopu_TRINITY_DN32468_c1_g2;Xboc_model_3478,0.002461408868104606,1.2756936955355156e-27,,,,Isopu_TRINITY_DN26611_c0_g9;Xboc_model_4517,2.0933803579105056e-05,3.5936252390057084e-16,Isopu_TRINITY_DN25725_c0_g2;Xboc_model_7196,0.001776260269071094,0.0064501591747413035,Isopu_TRINITY_DN31196_c0_g1;Xboc_model_10642,0.00031293974422641924,1.569790806726383e-12,,,,,,,,,,,,,,,,Isopu_TRINITY_DN25154_c0_g1;Xboc_model_2547,0.0034726300655565827,0.003757092620789031,,,,,,,,,,,,,,,
,,,,,,,,,Isopu_TRINITY_DN22570_c0_g2;Xboc_model_3134,5.5624604536068e-41,2.8129470163870646e-84,Isopu_TRINITY_DN21292_c0_g1;Xboc_model_3134,1.0172814952208282e-08,0.0,Isopu_TRINITY_DN32540_c1_g1;Xboc_model_7642,6.660146540644327e-06,1.7192094869354313e-55,,,,,,,Isopu_TRINITY_DN31064_c0_g1;Xboc_model_2232,7.880181895049325e-10,0.00025714196573681133,Isopu_TRINITY_DN27289_c0_g1;Xboc_model_3471,1.1001134192677078e-12,2.0297186317762427e-07,,,,Isopu_TRINITY_DN21776_c2_g2;Xboc_model_12571,3.7148544104600297e-31,2.855892798476644e-05,Isopu_TRINITY_DN24693_c1_g1;Xboc_model_3919,0.00023583309927316016,0.001084836431375813,Isopu_TRINITY_DN17915_c0_g1;Xboc_model_6658,0.0018993242474200363,0.00013504220705279864,,,,,,,,,,,,,,,,Isopu_TRINITY_DN27561_c0_g3;Xboc_model_14238,0.00033118137040589313,0.0023482954490571936,,,,,,,,,,,,,,,
,,,,,,,,,Isopu_TRINITY_DN27095_c0_g1;Xboc_model_3134,1.4180028978568844e-73,2.8129470163870646e-84,Isopu_TRINITY_DN25204_c8_g1;Xboc_model_13555,1.253994277854301e-52,7.944194327148512e-48,Isopu_TRINITY_DN26634_c2_g2;Xboc_model_765,6.033581408035619e-06,0.004227568209025072,,,,,,,Isopu_TRINITY_DN27569_c0_g3;Xboc_model_14229,5.128220370276824e-06,0.0021060031590083733,Isopu_TRINITY_DN27517_c0_g1;Xboc_model_3472,7.626989776765484e-06,6.698887428809847e-24,,,,Isopu_TRINITY_DN31156_c3_g4;Xboc_model_10785,1.9244339741220343e-05,3.2014922460514875e-21,Isopu_TRINITY_DN24199_c0_g2;Xboc_model_890,0.0008651304558168149,0.007078462518128696,Isopu_TRINITY_DN31591_c4_g2;Xboc_model_13642,0.008468428098190461,2.5373118415202457e-15,,,,,,,,,,,,,,,,Isopu_TRINITY_DN18421_c0_g3;Xboc_model_12991,0.0005000582648293313,0.004403731371752288,,,,,,,,,,,,,,,
,,,,,,,,,Isopu_TRINITY_DN26617_c0_g7;Xboc_model_3134,9.358277893856892e-43,2.8129470163870646e-84,Isopu_TRINITY_DN24253_c1_g1;Xboc_model_83,3.350650202895222e-05,3.126330545579267e-243,Isopu_TRINITY_DN23833_c0_g5;Xboc_model_9965,0.00031299190321064396,1.3637429210934938e-16,,,,,,,Isopu_TRINITY_DN32351_c0_g6;Xboc_model_10928,2.0608474289418274e-11,0.009876235382143118,Isopu_TRINITY_DN27289_c0_g1;Xboc_model_8560,1.1001134192677078e-12,6.153827615978531e-07,,,,Isopu_TRINITY_DN30437_c4_g2;Xboc_model_10785,1.4587687130284804e-05,3.2014922460514875e-21,Isopu_TRINITY_DN31196_c0_g1;Xboc_model_3394,0.00031293974422641924,0.0099777143892383,Isopu_TRINITY_DN25750_c0_g2;Xboc_model_10002,0.002859128953916818,0.0003293295072079502,,,,,,,,,,,,,,,,Isopu_TRINITY_DN28981_c0_g1;Xboc_model_7611,0.0022854895055485834,0.003116828989544323,,,,,,,,,,,,,,,
,,,,,,,,,Isopu_TRINITY_DN16314_c0_g1;Xboc_model_3134,3.5895046264087025e-28,2.8129470163870646e-84,Isopu_TRINITY_DN31375_c0_g2;Xboc_model_1355,1.9549485724626724e-05,0.0,Isopu_TRINITY_DN23850_c0_g2;Xboc_model_13035,1.3994693035025651e-11,0.0024575259662806066,,,,,,,Isopu_TRINITY_DN28541_c1_g2;Xboc_model_4231,3.7485680984262665e-06,0.005382451911595866,Isopu_TRINITY_DN26360_c0_g2;Xboc_model_1171,4.793106089401316e-09,7.862991685456068e-05,,,,Isopu_TRINITY_DN28901_c0_g3;Xboc_model_1355,0.005796915506227011,0.0,Isopu_TRINITY_DN25347_c3_g1;Xboc_model_7196,0.0028466833903384127,0.0064501591747413035,Isopu_TRINITY_DN27273_c0_g1;Xboc_model_10642,4.802630853763217e-16,1.569790806726383e-12,,,,,,,,,,,,,,,,Isopu_TRINITY_DN28847_c0_g1;Xboc_model_10002,9.143844469048123e-14,0.006820133031279302,,,,,,,,,,,,,,,
,,,,,,,,,Isopu_TRINITY_DN26634_c2_g2;Xboc_model_1141,4.799038617227854e-17,1.2845821361537508e-78,Isopu_TRINITY_DN23833_c0_g5;Xboc_model_1141,2.3686357387721256e-26,5.281162222327915e-38,Isopu_TRINITY_DN27233_c0_g1;Xboc_model_972,0.0017529962299387648,0.005619536006175119,,,,,,,Isopu_TRINITY_DN20605_c0_g1;Xboc_model_3727,0.00017203758831301684,1.886164486395382e-15,Isopu_TRINITY_DN30986_c2_g2;Xboc_model_837,9.039113967201354e-13,0.00027245264432762377,,,,Isopu_TRINITY_DN29071_c0_g1;Xboc_model_12214,7.347500935853029e-06,7.556278739224553e-21,Isopu_TRINITY_DN24465_c0_g1;Xboc_model_7196,0.008306858507882818,0.0064501591747413035,Isopu_TRINITY_DN26696_c0_g2;Xboc_model_13642,0.009648337140230093,2.5373118415202457e-15,,,,,,,,,,,,,,,,Isopu_TRINITY_DN23724_c1_g1;Xboc_model_10830,0.009272267496440643,0.005007400161382911,,,,,,,,,,,,,,,
,,,,,,,,,Isopu_TRINITY_DN28054_c0_g2;Xboc_g7257,1.806074899927585e-57,7.453410262424843e-38,Isopu_TRINITY_DN24351_c1_g2;Xboc_model_7642,3.9593302434076404e-05,0.0,Isopu_TRINITY_DN29029_c1_g1;Xboc_model_3761,0.0006205075727624599,0.00460898760730755,,,,,,,Isopu_TRINITY_DN32465_c0_g7;Xboc_model_3942,4.333671156411161e-09,0.0005289963047061817,Isopu_TRINITY_DN28671_c0_g1;Xboc_model_3472,0.00012555954271498298,6.698887428809847e-24,,,,Isopu_TRINITY_DN29522_c0_g3;Xboc_model_4860,6.904430467800362e-15,1.0857204462927523e-05,Isopu_TRINITY_DN23692_c0_g2;Xboc_model_12551,0.004515364945722244,0.0028732955937372105,Isopu_TRINITY_DN23758_c0_g1;Xboc_model_13642,0.0005048555035000147,2.5373118415202457e-15,,,,,,,,,,,,,,,,,,,,,,,,,,,,,,,,,
,,,,,,,,,Isopu_TRINITY_DN27095_c0_g2;Xboc_model_9965,2.35140188072349e-48,1.3637429210934938e-16,Isopu_TRINITY_DN25989_c0_g1;Xboc_model_1141,7.39633672794706e-08,5.281162222327915e-38,,,,,,,,,,Isopu_TRINITY_DN22117_c0_g3;Xboc_model_972,1.6816750663977802e-12,5.056054945312785e-07,Isopu_TRINITY_DN27517_c1_g2;Xboc_model_3472,0.0009077239987690457,6.698887428809847e-24,,,,Isopu_TRINITY_DN17915_c0_g1;Xboc_model_6655,0.0018993242474200363,1.7923411053392836e-214,Isopu_TRINITY_DN25347_c3_g1;Xboc_model_890,0.0028466833903384127,0.007078462518128696,Isopu_TRINITY_DN26169_c0_g1;Xboc_g5180,0.004104180532287984,1.856461883721657e-07,,,,,,,,,,,,,,,,,,,,,,,,,,,,,,,,,
,,,,,,,,,Isopu_TRINITY_DN22570_c0_g2;Xboc_model_9965,5.5624604536068e-41,1.3637429210934938e-16,Isopu_TRINITY_DN32540_c0_g1;Xboc_model_12571,6.040061423906468e-107,2.855892798476644e-05,,,,,,,,,,Isopu_TRINITY_DN22405_c0_g1;Xboc_model_3664,0.00014437071348912206,0.00045346221165841146,Isopu_TRINITY_DN22255_c0_g4;Xboc_model_3275,0.0069060368490772165,2.0922962519175227e-124,,,,Isopu_TRINITY_DN25010_c0_g2;Xboc_model_510,5.311643180013225e-06,5.078360873846777e-116,,,,Isopu_TRINITY_DN26169_c0_g1;Xboc_model_10002,0.004104180532287984,0.0003293295072079502,,,,,,,,,,,,,,,,,,,,,,,,,,,,,,,,,
,,,,,,,,,Isopu_TRINITY_DN27095_c0_g1;Xboc_model_9965,1.4180028978568844e-73,1.3637429210934938e-16,Isopu_TRINITY_DN28181_c0_g3;Xboc_model_8014,5.655346898932328e-07,0.0,,,,,,,,,,Isopu_TRINITY_DN22117_c0_g3;Xboc_model_12585,1.6816750663977802e-12,0.0027433710357218258,Isopu_TRINITY_DN30619_c0_g1;Xboc_model_3478,0.00038134361052540754,1.2756936955355156e-27,,,,Isopu_TRINITY_DN21534_c1_g3;Xboc_model_3167,0.0012143456042514708,2.407489532866446e-14,,,,Isopu_TRINITY_DN28893_c1_g3;Xboc_model_13642,0.000424707578423361,2.5373118415202457e-15,,,,,,,,,,,,,,,,,,,,,,,,,,,,,,,,,
,,,,,,,,,Isopu_TRINITY_DN26617_c0_g7;Xboc_model_9965,9.358277893856892e-43,1.3637429210934938e-16,Isopu_TRINITY_DN26634_c2_g2;Xboc_model_1141,4.799038617227854e-17,5.281162222327915e-38,,,,,,,,,,Isopu_TRINITY_DN32351_c0_g6;Xboc_model_3365,2.0608474289418274e-11,0.009861246054345239,Isopu_TRINITY_DN32468_c1_g2;Xboc_model_3472,0.002461408868104606,6.698887428809847e-24,,,,Isopu_TRINITY_DN30223_c0_g6;Xboc_model_12214,1.388979299400332e-05,7.556278739224553e-21,,,,Isopu_TRINITY_DN22143_c0_g1;Xboc_g5180,0.0023360200292014974,1.856461883721657e-07,,,,,,,,,,,,,,,,,,,,,,,,,,,,,,,,,
,,,,,,,,,Isopu_TRINITY_DN19873_c0_g1;Xboc_model_1141,2.5919855627623744e-18,1.2845821361537508e-78,Isopu_TRINITY_DN19873_c0_g1;Xboc_model_1141,2.5919855627623744e-18,5.281162222327915e-38,,,,,,,,,,Isopu_TRINITY_DN33188_c6_g1;Xboc_model_14229,6.72383792216021e-05,0.0021060031590083733,Isopu_TRINITY_DN27517_c0_g1;Xboc_model_3471,7.626989776765484e-06,2.0297186317762427e-07,,,,Isopu_TRINITY_DN26555_c0_g1;Xboc_model_12186,0.0035688934851545572,3.030663469899515e-40,,,,Isopu_TRINITY_DN22143_c0_g1;Xboc_model_10002,0.0023360200292014974,0.0003293295072079502,,,,,,,,,,,,,,,,,,,,,,,,,,,,,,,,,
,,,,,,,,,Isopu_TRINITY_DN23833_c0_g5;Xboc_model_3134,2.3686357387721256e-26,2.8129470163870646e-84,Isopu_TRINITY_DN16253_c0_g1;Xboc_model_10967,0.00014051189279326167,2.6634392495524944e-143,,,,,,,,,,Isopu_TRINITY_DN22405_c0_g1;Xboc_model_10928,0.00014437071348912206,0.009876235382143118,Isopu_TRINITY_DN27517_c0_g1;Xboc_model_8560,7.626989776765484e-06,6.153827615978531e-07,,,,Isopu_TRINITY_DN27757_c0_g1;Xboc_model_13512,0.000324998576736259,1.2065785327359145e-33,,,,Isopu_TRINITY_DN26724_c0_g1;Xboc_model_12084,0.0037323390505330776,0.00011548512325289905,,,,,,,,,,,,,,,,,,,,,,,,,,,,,,,,,
,,,,,,,,,Isopu_TRINITY_DN21292_c0_g1;Xboc_model_1141,1.0172814952208282e-08,1.2845821361537508e-78,Isopu_TRINITY_DN22591_c0_g1;Xboc_model_7353,5.333457698159878e-12,1.3965823304734238e-44,,,,,,,,,,Isopu_TRINITY_DN22643_c0_g3;Xboc_model_3664,0.001263408737103448,0.00045346221165841146,Isopu_TRINITY_DN20715_c0_g1;Xboc_model_3122,0.004178813898325047,3.865586587494576e-13,,,,Isopu_TRINITY_DN32321_c1_g1;Xboc_model_11239,0.0003804134285754395,3.4144579793424866e-15,,,,Isopu_TRINITY_DN27441_c1_g1;Xboc_model_10642,1.8751749321467508e-06,1.569790806726383e-12,,,,,,,,,,,,,,,,,,,,,,,,,,,,,,,,,
,,,,,,,,,Isopu_TRINITY_DN16314_c0_g1;Xboc_model_9965,3.5895046264087025e-28,1.3637429210934938e-16,Isopu_TRINITY_DN30647_c0_g2;Xboc_model_9949,5.757383762817521e-06,5.792913630647039e-117,,,,,,,,,,Isopu_TRINITY_DN29476_c0_g1;Xboc_model_972,2.275911470730783e-06,5.056054945312785e-07,Isopu_TRINITY_DN28671_c0_g1;Xboc_model_3471,0.00012555954271498298,2.0297186317762427e-07,,,,Isopu_TRINITY_DN25177_c1_g5;Xboc_model_7142,4.490286100875547e-05,1.4673294366044867e-16,,,,Isopu_TRINITY_DN28304_c1_g1;Xboc_model_12084,0.0028452676604616665,0.00011548512325289905,,,,,,,,,,,,,,,,,,,,,,,,,,,,,,,,,
,,,,,,,,,Isopu_TRINITY_DN25989_c0_g1;Xboc_model_1141,7.39633672794706e-08,1.2845821361537508e-78,Isopu_TRINITY_DN21292_c0_g1;Xboc_model_1141,1.0172814952208282e-08,5.281162222327915e-38,,,,,,,,,,Isopu_TRINITY_DN22643_c0_g3;Xboc_model_10928,0.001263408737103448,0.009876235382143118,Isopu_TRINITY_DN27517_c1_g2;Xboc_model_3471,0.0009077239987690457,2.0297186317762427e-07,,,,Isopu_TRINITY_DN25640_c0_g1;Xboc_model_7642,0.0024522472501905253,0.0,,,,Isopu_TRINITY_DN29974_c0_g3;Xboc_model_12084,0.005501959847301768,0.00011548512325289905,,,,,,,,,,,,,,,,,,,,,,,,,,,,,,,,,
,,,,,,,,,Isopu_TRINITY_DN32540_c0_g1;Xboc_model_7642,6.040061423906468e-107,1.7192094869354313e-55,Isopu_TRINITY_DN20396_c0_g2;Xboc_model_1355,0.008168245345576284,0.0,,,,,,,,,,Isopu_TRINITY_DN22405_c0_g1;Xboc_model_3365,0.00014437071348912206,0.009861246054345239,Isopu_TRINITY_DN30695_c0_g6;Xboc_model_488,0.00010951687610784565,1.042731216525108e-06,,,,Isopu_TRINITY_DN30403_c2_g1;Xboc_model_6121,8.75658190104643e-12,0.0010804426515776012,,,,Isopu_TRINITY_DN28901_c0_g3;Xboc_model_13642,0.005796915506227011,2.5373118415202457e-15,,,,,,,,,,,,,,,,,,,,,,,,,,,,,,,,,
,,,,,,,,,Isopu_TRINITY_DN23833_c0_g5;Xboc_model_9965,2.3686357387721256e-26,1.3637429210934938e-16,Isopu_TRINITY_DN26138_c0_g1;Xboc_model_10967,2.8901030063033887e-05,2.6634392495524944e-143,,,,,,,,,,Isopu_TRINITY_DN25154_c0_g1;Xboc_model_2547,3.695954532649493e-05,0.003757092620789031,Isopu_TRINITY_DN28671_c0_g1;Xboc_model_8560,0.00012555954271498298,6.153827615978531e-07,,,,Isopu_TRINITY_DN32103_c1_g4;Xboc_model_7926,0.0004961533828222411,1.3722861096712695e-68,,,,Isopu_TRINITY_DN25427_c0_g3;Xboc_model_8293,0.0020674515557482106,0.00029571034184289766,,,,,,,,,,,,,,,,,,,,,,,,,,,,,,,,,
,,,,,,,,,Isopu_TRINITY_DN23412_c2_g4;Xboc_model_10039,1.1289568291948401e-05,5.768697749451638e-51,Isopu_TRINITY_DN25980_c0_g1;Xboc_model_510,1.650100186080678e-06,5.078360873846777e-116,,,,,,,,,,Isopu_TRINITY_DN22643_c0_g3;Xboc_model_3365,0.001263408737103448,0.009861246054345239,Isopu_TRINITY_DN31830_c0_g1;Xboc_model_4573,1.3983425357993102e-23,0.0030769008792335315,,,,Isopu_TRINITY_DN28059_c1_g5;Xboc_model_6180,0.00010571599782850953,1.745924157637687e-149,,,,,,,,,,,,,,,,,,,,,,,,,,,,,,,,,,,,,,,
,,,,,,,,,Isopu_TRINITY_DN23412_c2_g4;Xboc_model_2157,1.1289568291948401e-05,1.3112654510173574e-40,Isopu_TRINITY_DN28127_c1_g1;Xboc_model_6180,7.442239597623792e-08,1.745924157637687e-149,,,,,,,,,,Isopu_TRINITY_DN16985_c0_g1;Xboc_model_13163,0.00036111620452245613,0.0013855288709418731,Isopu_TRINITY_DN27517_c1_g2;Xboc_model_8560,0.0009077239987690457,6.153827615978531e-07,,,,Isopu_TRINITY_DN28893_c1_g3;Xboc_model_13512,0.000424707578423361,1.2065785327359145e-33,,,,,,,,,,,,,,,,,,,,,,,,,,,,,,,,,,,,,,,
,,,,,,,,,Isopu_TRINITY_DN27095_c0_g2;Xboc_model_765,2.35140188072349e-48,0.004227568209025072,Isopu_TRINITY_DN25982_c0_g1;Xboc_model_11641,0.0019101914996551522,2.0185872544493553e-69,,,,,,,,,,Isopu_TRINITY_DN27561_c0_g3;Xboc_model_14238,0.000615529469870446,0.0023482954490571936,Isopu_TRINITY_DN28671_c0_g1;Xboc_model_1171,0.00012555954271498298,7.862991685456068e-05,,,,Isopu_TRINITY_DN20293_c0_g2;Xboc_model_6897,0.0004562723423933065,4.1087159167690446e-26,,,,,,,,,,,,,,,,,,,,,,,,,,,,,,,,,,,,,,,
,,,,,,,,,Isopu_TRINITY_DN26634_c2_g2;Xboc_model_3134,4.799038617227854e-17,2.8129470163870646e-84,Isopu_TRINITY_DN29199_c0_g1;Xboc_model_13437,8.140942272325718e-08,3.608154220303817e-20,,,,,,,,,,Isopu_TRINITY_DN20074_c0_g1;Xboc_model_10002,0.00016698859843800604,0.006820133031279302,Isopu_TRINITY_DN31830_c0_g1;Xboc_model_3135,1.3983425357993102e-23,0.0005545512689794078,,,,Isopu_TRINITY_DN22760_c0_g6;Xboc_model_13512,0.0005053062097969355,1.2065785327359145e-33,,,,,,,,,,,,,,,,,,,,,,,,,,,,,,,,,,,,,,,
,,,,,,,,,Isopu_TRINITY_DN22570_c0_g2;Xboc_model_765,5.5624604536068e-41,0.004227568209025072,Isopu_TRINITY_DN31375_c0_g2;Xboc_model_13512,1.9549485724626724e-05,1.2065785327359145e-33,,,,,,,,,,Isopu_TRINITY_DN31439_c0_g3;Xboc_model_9258,0.00047656034179140253,0.008793081233490251,Isopu_TRINITY_DN28671_c0_g1;Xboc_model_5689,0.00012555954271498298,6.043363759954734e-06,,,,Isopu_TRINITY_DN27757_c0_g1;Xboc_model_2535,0.000324998576736259,1.7205634007029072e-19,,,,,,,,,,,,,,,,,,,,,,,,,,,,,,,,,,,,,,,
,,,,,,,,,Isopu_TRINITY_DN27095_c0_g1;Xboc_model_765,1.4180028978568844e-73,0.004227568209025072,Isopu_TRINITY_DN25647_c0_g1;Xboc_model_2562,3.059162025808957e-09,5.542397827641006e-07,,,,,,,,,,Isopu_TRINITY_DN28847_c0_g1;Xboc_model_10002,7.675040652323442e-10,0.006820133031279302,Isopu_TRINITY_DN30619_c0_g1;Xboc_model_3472,0.00038134361052540754,6.698887428809847e-24,,,,Isopu_TRINITY_DN23758_c0_g1;Xboc_model_13512,0.0005048555035000147,1.2065785327359145e-33,,,,,,,,,,,,,,,,,,,,,,,,,,,,,,,,,,,,,,,
,,,,,,,,,Isopu_TRINITY_DN26617_c0_g7;Xboc_model_765,9.358277893856892e-43,0.004227568209025072,Isopu_TRINITY_DN27327_c0_g2;Xboc_model_10628,2.6418928155116608e-06,6.878093582555202e-17,,,,,,,,,,Isopu_TRINITY_DN18421_c0_g3;Xboc_model_12991,0.0018329037832258304,0.004403731371752288,Isopu_TRINITY_DN27517_c1_g2;Xboc_model_5689,0.0009077239987690457,6.043363759954734e-06,,,,Isopu_TRINITY_DN20736_c0_g1;Xboc_model_10967,0.00036265526126837676,2.6634392495524944e-143,,,,,,,,,,,,,,,,,,,,,,,,,,,,,,,,,,,,,,,
,,,,,,,,,Isopu_TRINITY_DN19873_c0_g1;Xboc_model_3134,2.5919855627623744e-18,2.8129470163870646e-84,Isopu_TRINITY_DN32540_c1_g1;Xboc_model_12571,7.906342967151106e-114,2.855892798476644e-05,,,,,,,,,,Isopu_TRINITY_DN26096_c1_g4;Xboc_model_10002,0.00036579987801227973,0.006820133031279302,Isopu_TRINITY_DN32468_c1_g2;Xboc_model_3471,0.002461408868104606,2.0297186317762427e-07,,,,Isopu_TRINITY_DN27757_c0_g1;Xboc_model_1569,0.000324998576736259,2.282364857068167e-18,,,,,,,,,,,,,,,,,,,,,,,,,,,,,,,,,,,,,,,
,,,,,,,,,Isopu_TRINITY_DN28054_c0_g2;Xboc_model_7725,1.806074899927585e-57,6.77600088057766e-08,Isopu_TRINITY_DN31309_c0_g1;Xboc_model_578,0.0021307581906477528,4.6661057190310454e-23,,,,,,,,,,Isopu_TRINITY_DN22988_c1_g1;Xboc_model_10002,0.0027717578106951665,0.006820133031279302,Isopu_TRINITY_DN27035_c4_g3;Xboc_model_2562,7.096485626321649e-20,0.001863787928130152,,,,Isopu_TRINITY_DN25725_c0_g2;Xboc_model_4774,0.001776260269071094,3.8405060119420285e-53,,,,,,,,,,,,,,,,,,,,,,,,,,,,,,,,,,,,,,,
,,,,,,,,,Isopu_TRINITY_DN16314_c0_g1;Xboc_model_765,3.5895046264087025e-28,0.004227568209025072,Isopu_TRINITY_DN25399_c0_g2;Xboc_model_238,0.002865410194248099,1.0389984031637468e-45,,,,,,,,,,,,,Isopu_TRINITY_DN32468_c1_g2;Xboc_model_8560,0.002461408868104606,6.153827615978531e-07,,,,Isopu_TRINITY_DN23765_c0_g1;Xboc_model_1152,7.112573968451351e-08,0.0009705970229073985,,,,,,,,,,,,,,,,,,,,,,,,,,,,,,,,,,,,,,,
,,,,,,,,,Isopu_TRINITY_DN21292_c0_g1;Xboc_model_3134,1.0172814952208282e-08,2.8129470163870646e-84,Isopu_TRINITY_DN22583_c1_g1;Xboc_model_9285,0.00027392961412065696,2.5031434360680365e-28,,,,,,,,,,,,,Isopu_TRINITY_DN31094_c1_g1;Xboc_model_3472,0.008756254809873243,6.698887428809847e-24,,,,Isopu_TRINITY_DN26987_c0_g1;Xboc_model_11239,0.0009413621960404658,3.4144579793424866e-15,,,,,,,,,,,,,,,,,,,,,,,,,,,,,,,,,,,,,,,
,,,,,,,,,Isopu_TRINITY_DN26634_c2_g2;Xboc_model_9965,4.799038617227854e-17,1.3637429210934938e-16,Isopu_TRINITY_DN29376_c2_g5;Xboc_model_2338,1.0220752880655046e-30,2.7847822444963172e-14,,,,,,,,,,,,,Isopu_TRINITY_DN28910_c0_g1;Xboc_model_3472,0.002073491346273128,6.698887428809847e-24,,,,Isopu_TRINITY_DN25347_c3_g1;Xboc_model_4774,0.0028466833903384127,3.8405060119420285e-53,,,,,,,,,,,,,,,,,,,,,,,,,,,,,,,,,,,,,,,
,,,,,,,,,Isopu_TRINITY_DN23412_c2_g4;Xboc_model_1045,1.1289568291948401e-05,9.32533928215158e-22,Isopu_TRINITY_DN26402_c9_g1;Xboc_model_12658,1.466407282128652e-09,2.268507465795793e-66,,,,,,,,,,,,,Isopu_TRINITY_DN22255_c0_g4;Xboc_model_8500,0.0069060368490772165,6.228891484178966e-36,,,,Isopu_TRINITY_DN24727_c0_g1;Xboc_model_10534,0.0002473045688226112,5.364525790297057e-28,,,,,,,,,,,,,,,,,,,,,,,,,,,,,,,,,,,,,,,
,,,,,,,,,Isopu_TRINITY_DN25989_c0_g1;Xboc_model_3134,7.39633672794706e-08,2.8129470163870646e-84,Isopu_TRINITY_DN28059_c1_g5;Xboc_model_6180,2.9060788990820303e-06,1.745924157637687e-149,,,,,,,,,,,,,Isopu_TRINITY_DN32468_c1_g2;Xboc_model_5689,0.002461408868104606,6.043363759954734e-06,,,,Isopu_TRINITY_DN24578_c1_g3;Xboc_model_8361,0.001072099301564933,2.2901621143064663e-61,,,,,,,,,,,,,,,,,,,,,,,,,,,,,,,,,,,,,,,
,,,,,,,,,Isopu_TRINITY_DN19873_c0_g1;Xboc_model_9965,2.5919855627623744e-18,1.3637429210934938e-16,Isopu_TRINITY_DN24208_c3_g1;Xboc_model_7694,0.009019333304018757,1.9946072160507784e-213,,,,,,,,,,,,,Isopu_TRINITY_DN32540_c1_g1;Xboc_model_8631,8.27091526823409e-48,0.0022512946066038397,,,,Isopu_TRINITY_DN22760_c0_g6;Xboc_model_2535,0.0005053062097969355,1.7205634007029072e-19,,,,,,,,,,,,,,,,,,,,,,,,,,,,,,,,,,,,,,,
,,,,,,,,,Isopu_TRINITY_DN21292_c0_g1;Xboc_model_9965,1.0172814952208282e-08,1.3637429210934938e-16,Isopu_TRINITY_DN31375_c0_g2;Xboc_model_1569,1.9549485724626724e-05,2.282364857068167e-18,,,,,,,,,,,,,Isopu_TRINITY_DN30619_c0_g1;Xboc_model_3471,0.00038134361052540754,2.0297186317762427e-07,,,,Isopu_TRINITY_DN24465_c0_g1;Xboc_model_4774,0.008306858507882818,3.8405060119420285e-53,,,,,,,,,,,,,,,,,,,,,,,,,,,,,,,,,,,,,,,
,,,,,,,,,Isopu_TRINITY_DN22903_c0_g2;Xboc_model_10039,0.0008823454518165681,5.768697749451638e-51,Isopu_TRINITY_DN24234_c0_g5;Xboc_model_13060,0.0003980616136484162,5.186352194550093e-22,,,,,,,,,,,,,Isopu_TRINITY_DN31628_c0_g3;Xboc_model_13822,5.482675256884637e-08,0.0001590215695856031,,,,Isopu_TRINITY_DN27757_c0_g1;Xboc_model_13642,0.000324998576736259,9.589828273052254e-10,,,,,,,,,,,,,,,,,,,,,,,,,,,,,,,,,,,,,,,
,,,,,,,,,Isopu_TRINITY_DN23412_c2_g4;Xboc_model_351,1.1289568291948401e-05,3.745699791907544e-12,Isopu_TRINITY_DN20396_c0_g2;Xboc_model_13512,0.008168245345576284,1.2065785327359145e-33,,,,,,,,,,,,,Isopu_TRINITY_DN30619_c0_g1;Xboc_model_8560,0.00038134361052540754,6.153827615978531e-07,,,,Isopu_TRINITY_DN23758_c0_g1;Xboc_model_2535,0.0005048555035000147,1.7205634007029072e-19,,,,,,,,,,,,,,,,,,,,,,,,,,,,,,,,,,,,,,,
,,,,,,,,,Isopu_TRINITY_DN26634_c2_g2;Xboc_model_765,4.799038617227854e-17,0.004227568209025072,Isopu_TRINITY_DN31774_c1_g1;Xboc_model_1187,2.359458176357001e-11,1.72795957155589e-05,,,,,,,,,,,,,Isopu_TRINITY_DN30351_c0_g3;Xboc_model_13822,0.00029523996842968165,0.0001590215695856031,,,,Isopu_TRINITY_DN28893_c1_g3;Xboc_model_1569,0.000424707578423361,2.282364857068167e-18,,,,,,,,,,,,,,,,,,,,,,,,,,,,,,,,,,,,,,,
,,,,,,,,,Isopu_TRINITY_DN22903_c0_g2;Xboc_model_2157,0.0008823454518165681,1.3112654510173574e-40,Isopu_TRINITY_DN31008_c3_g2;Xboc_model_13760,4.246758251819977e-09,1.916241591042777e-05,,,,,,,,,,,,,Isopu_TRINITY_DN30619_c0_g1;Xboc_model_1171,0.00038134361052540754,7.862991685456068e-05,,,,Isopu_TRINITY_DN30223_c0_g6;Xboc_model_11759,1.388979299400332e-05,4.784971148853643e-07,,,,,,,,,,,,,,,,,,,,,,,,,,,,,,,,,,,,,,,
,,,,,,,,,Isopu_TRINITY_DN20638_c0_g1;Xboc_model_1290,3.4618178627070655e-22,2.442200798807318e-12,Isopu_TRINITY_DN23833_c0_g1;Xboc_model_9729,0.0019649146445072335,4.135324803865729e-17,,,,,,,,,,,,,Isopu_TRINITY_DN31094_c1_g1;Xboc_model_3471,0.008756254809873243,2.0297186317762427e-07,,,,Isopu_TRINITY_DN22760_c0_g6;Xboc_model_1569,0.0005053062097969355,2.282364857068167e-18,,,,,,,,,,,,,,,,,,,,,,,,,,,,,,,,,,,,,,,
,,,,,,,,,Isopu_TRINITY_DN32540_c1_g1;Xboc_model_7642,7.906342967151106e-114,1.7192094869354313e-55,Isopu_TRINITY_DN24351_c1_g2;Xboc_model_12571,3.9593302434076404e-05,2.855892798476644e-05,,,,,,,,,,,,,Isopu_TRINITY_DN31094_c1_g1;Xboc_model_8560,0.008756254809873243,6.153827615978531e-07,,,,Isopu_TRINITY_DN23758_c0_g1;Xboc_model_1569,0.0005048555035000147,2.282364857068167e-18,,,,,,,,,,,,,,,,,,,,,,,,,,,,,,,,,,,,,,,
,,,,,,,,,Isopu_TRINITY_DN19873_c0_g1;Xboc_model_765,2.5919855627623744e-18,0.004227568209025072,Isopu_TRINITY_DN24208_c3_g1;Xboc_model_13512,0.009019333304018757,1.2065785327359145e-33,,,,,,,,,,,,,Isopu_TRINITY_DN28910_c0_g1;Xboc_model_1171,0.002073491346273128,7.862991685456068e-05,,,,Isopu_TRINITY_DN31774_c1_g1;Xboc_model_1187,9.260490161151342e-06,1.72795957155589e-05,,,,,,,,,,,,,,,,,,,,,,,,,,,,,,,,,,,,,,,
,,,,,,,,,Isopu_TRINITY_DN23412_c2_g4;Xboc_model_2625,1.1289568291948401e-05,4.218359028920828e-08,Isopu_TRINITY_DN30403_c2_g1;Xboc_model_6121,0.003006474485194662,0.0010804426515776012,,,,,,,,,,,,,Isopu_TRINITY_DN21438_c0_g1;Xboc_model_10493,0.007076155520104715,7.551719683373042e-06,,,,Isopu_TRINITY_DN27044_c0_g2;Xboc_model_6897,0.0013690710824631692,4.1087159167690446e-26,,,,,,,,,,,,,,,,,,,,,,,,,,,,,,,,,,,,,,,
,,,,,,,,,Isopu_TRINITY_DN21292_c0_g1;Xboc_model_765,1.0172814952208282e-08,0.004227568209025072,Isopu_TRINITY_DN20396_c0_g2;Xboc_model_1569,0.008168245345576284,2.282364857068167e-18,,,,,,,,,,,,,Isopu_TRINITY_DN25177_c1_g5;Xboc_model_13822,0.0004137339428556765,0.0001590215695856031,,,,Isopu_TRINITY_DN26402_c9_g2;Xboc_model_12658,0.004156640294603197,2.268507465795793e-66,,,,,,,,,,,,,,,,,,,,,,,,,,,,,,,,,,,,,,,
,,,,,,,,,Isopu_TRINITY_DN25989_c0_g1;Xboc_model_765,7.39633672794706e-08,0.004227568209025072,Isopu_TRINITY_DN26690_c0_g2;Xboc_model_10767,3.8253554630879056e-08,0.006706891768154081,,,,,,,,,,,,,,,,,,,Isopu_TRINITY_DN21326_c0_g1;Xboc_model_6897,0.005790284352051841,4.1087159167690446e-26,,,,,,,,,,,,,,,,,,,,,,,,,,,,,,,,,,,,,,,
,,,,,,,,,Isopu_TRINITY_DN30403_c2_g1;Xboc_model_6121,0.003006474485194662,1.0846321711102391e-131,Isopu_TRINITY_DN31375_c0_g2;Xboc_model_467,1.9549485724626724e-05,7.630300053979059e-06,,,,,,,,,,,,,,,,,,,Isopu_TRINITY_DN27757_c0_g1;Xboc_model_8173,0.000324998576736259,2.4710118100555654e-05,,,,,,,,,,,,,,,,,,,,,,,,,,,,,,,,,,,,,,,
,,,,,,,,,Isopu_TRINITY_DN22903_c0_g2;Xboc_model_1045,0.0008823454518165681,9.32533928215158e-22,Isopu_TRINITY_DN31008_c3_g2;Xboc_model_5495,4.246758251819977e-09,0.004601721781436439,,,,,,,,,,,,,,,,,,,Isopu_TRINITY_DN31591_c4_g2;Xboc_model_13512,0.008468428098190461,1.2065785327359145e-33,,,,,,,,,,,,,,,,,,,,,,,,,,,,,,,,,,,,,,,
,,,,,,,,,Isopu_TRINITY_DN29029_c1_g1;Xboc_model_3761,1.8177940153505016e-28,0.00460898760730755,Isopu_TRINITY_DN31762_c0_g2;Xboc_model_4517,0.0063586722188793765,3.5936252390057084e-16,,,,,,,,,,,,,,,,,,,Isopu_TRINITY_DN25644_c0_g6;Xboc_model_10534,0.004346264471236985,5.364525790297057e-28,,,,,,,,,,,,,,,,,,,,,,,,,,,,,,,,,,,,,,,
,,,,,,,,,Isopu_TRINITY_DN21203_c0_g2;Xboc_model_12023,9.409869572909421e-07,1.6541454172523916e-05,Isopu_TRINITY_DN24208_c3_g1;Xboc_model_1569,0.009019333304018757,2.282364857068167e-18,,,,,,,,,,,,,,,,,,,Isopu_TRINITY_DN26696_c0_g2;Xboc_model_13512,0.009648337140230093,1.2065785327359145e-33,,,,,,,,,,,,,,,,,,,,,,,,,,,,,,,,,,,,,,,
,,,,,,,,,Isopu_TRINITY_DN29153_c4_g5;Xboc_model_12023,1.272205861224641e-05,1.6541454172523916e-05,Isopu_TRINITY_DN31375_c0_g2;Xboc_model_12458,1.9549485724626724e-05,2.5934002757905127e-05,,,,,,,,,,,,,,,,,,,Isopu_TRINITY_DN24963_c0_g7;Xboc_model_8173,0.00018606085669420458,2.4710118100555654e-05,,,,,,,,,,,,,,,,,,,,,,,,,,,,,,,,,,,,,,,
,,,,,,,,,Isopu_TRINITY_DN26372_c0_g2;Xboc_model_1112,5.966718573213827e-06,4.839537514402783e-07,Isopu_TRINITY_DN21203_c0_g2;Xboc_model_13785,9.409869572909421e-07,0.005856272266147317,,,,,,,,,,,,,,,,,,,Isopu_TRINITY_DN28893_c1_g3;Xboc_model_13642,0.000424707578423361,9.589828273052254e-10,,,,,,,,,,,,,,,,,,,,,,,,,,,,,,,,,,,,,,,
,,,,,,,,,Isopu_TRINITY_DN22903_c0_g2;Xboc_model_351,0.0008823454518165681,3.745699791907544e-12,Isopu_TRINITY_DN31375_c0_g2;Xboc_model_8173,1.9549485724626724e-05,2.4710118100555654e-05,,,,,,,,,,,,,,,,,,,Isopu_TRINITY_DN25725_c0_g2;Xboc_model_11239,0.001776260269071094,3.4144579793424866e-15,,,,,,,,,,,,,,,,,,,,,,,,,,,,,,,,,,,,,,,
,,,,,,,,,Isopu_TRINITY_DN24351_c1_g2;Xboc_model_7642,3.9593302434076404e-05,1.7192094869354313e-55,Isopu_TRINITY_DN25810_c0_g3;Xboc_model_5596,0.0008400513115232395,2.4018280680533384e-09,,,,,,,,,,,,,,,,,,,Isopu_TRINITY_DN22760_c0_g6;Xboc_model_13642,0.0005053062097969355,9.589828273052254e-10,,,,,,,,,,,,,,,,,,,,,,,,,,,,,,,,,,,,,,,
,,,,,,,,,Isopu_TRINITY_DN22771_c0_g1;Xboc_model_7725,2.8243105116742074e-07,6.77600088057766e-08,Isopu_TRINITY_DN29153_c4_g5;Xboc_model_13785,1.272205861224641e-05,0.005856272266147317,,,,,,,,,,,,,,,,,,,Isopu_TRINITY_DN27757_c0_g1;Xboc_model_467,0.000324998576736259,7.630300053979059e-06,,,,,,,,,,,,,,,,,,,,,,,,,,,,,,,,,,,,,,,
,,,,,,,,,Isopu_TRINITY_DN23412_c2_g4;Xboc_model_6690,1.1289568291948401e-05,6.432325548090881e-05,Isopu_TRINITY_DN23765_c0_g1;Xboc_model_1152,0.006581982580764041,0.0009705970229073985,,,,,,,,,,,,,,,,,,,Isopu_TRINITY_DN25347_c3_g1;Xboc_model_11239,0.0028466833903384127,3.4144579793424866e-15,,,,,,,,,,,,,,,,,,,,,,,,,,,,,,,,,,,,,,,
,,,,,,,,,Isopu_TRINITY_DN28127_c1_g1;Xboc_model_6180,7.442239597623792e-08,7.763685960707376e-19,Isopu_TRINITY_DN20396_c0_g2;Xboc_model_467,0.008168245345576284,7.630300053979059e-06,,,,,,,,,,,,,,,,,,,Isopu_TRINITY_DN23758_c0_g1;Xboc_model_13642,0.0005048555035000147,9.589828273052254e-10,,,,,,,,,,,,,,,,,,,,,,,,,,,,,,,,,,,,,,,
,,,,,,,,,Isopu_TRINITY_DN27899_c1_g1;Xboc_model_7066,2.958451621381533e-05,1.0191631694694918e-05,Isopu_TRINITY_DN24234_c0_g5;Xboc_model_2527,0.0003980616136484162,0.004987711656325949,,,,,,,,,,,,,,,,,,,Isopu_TRINITY_DN29794_c1_g1;Xboc_model_5672,9.105131683492186e-06,8.513311059935139e-05,,,,,,,,,,,,,,,,,,,,,,,,,,,,,,,,,,,,,,,
,,,,,,,,,Isopu_TRINITY_DN22903_c0_g2;Xboc_model_2625,0.0008823454518165681,4.218359028920828e-08,Isopu_TRINITY_DN20396_c0_g2;Xboc_model_12458,0.008168245345576284,2.5934002757905127e-05,,,,,,,,,,,,,,,,,,,Isopu_TRINITY_DN28893_c1_g3;Xboc_model_8173,0.000424707578423361,2.4710118100555654e-05,,,,,,,,,,,,,,,,,,,,,,,,,,,,,,,,,,,,,,,
,,,,,,,,,Isopu_TRINITY_DN26703_c0_g1;Xboc_model_6377,4.6070651911749244e-07,2.8714304411662327e-06,Isopu_TRINITY_DN32074_c1_g1;Xboc_model_5495,0.001336157807798486,0.004601721781436439,,,,,,,,,,,,,,,,,,,Isopu_TRINITY_DN19445_c0_g1;Xboc_model_6048,0.004262337332481342,2.071430325259672e-14,,,,,,,,,,,,,,,,,,,,,,,,,,,,,,,,,,,,,,,
,,,,,,,,,Isopu_TRINITY_DN23850_c0_g2;Xboc_model_13035,7.679813130396641e-29,0.0024575259662806066,Isopu_TRINITY_DN21203_c0_g1;Xboc_model_13785,0.0025127888256437176,0.005856272266147317,,,,,,,,,,,,,,,,,,,Isopu_TRINITY_DN22760_c0_g6;Xboc_model_8173,0.0005053062097969355,2.4710118100555654e-05,,,,,,,,,,,,,,,,,,,,,,,,,,,,,,,,,,,,,,,
,,,,,,,,,Isopu_TRINITY_DN28059_c1_g5;Xboc_model_6180,2.9060788990820303e-06,7.763685960707376e-19,Isopu_TRINITY_DN20396_c0_g2;Xboc_model_8173,0.008168245345576284,2.4710118100555654e-05,,,,,,,,,,,,,,,,,,,Isopu_TRINITY_DN23758_c0_g1;Xboc_model_8173,0.0005048555035000147,2.4710118100555654e-05,,,,,,,,,,,,,,,,,,,,,,,,,,,,,,,,,,,,,,,
,,,,,,,,,Isopu_TRINITY_DN28181_c0_g3;Xboc_model_8014,5.655346898932328e-07,4.4040690452825095e-12,Isopu_TRINITY_DN19969_c0_g1;Xboc_model_2527,0.002102366987876493,0.004987711656325949,,,,,,,,,,,,,,,,,,,Isopu_TRINITY_DN24289_c0_g1;Xboc_model_6897,0.00919123653325591,4.1087159167690446e-26,,,,,,,,,,,,,,,,,,,,,,,,,,,,,,,,,,,,,,,
,,,,,,,,,Isopu_TRINITY_DN28265_c1_g3;Xboc_model_12318,2.9289835045036385e-07,0.006573294549591603,Isopu_TRINITY_DN24208_c3_g1;Xboc_model_9052,0.009019333304018757,4.7808947368786704e-05,,,,,,,,,,,,,,,,,,,Isopu_TRINITY_DN27757_c0_g1;Xboc_model_12458,0.000324998576736259,2.5934002757905127e-05,,,,,,,,,,,,,,,,,,,,,,,,,,,,,,,,,,,,,,,
,,,,,,,,,Isopu_TRINITY_DN26402_c9_g1;Xboc_model_12658,1.466407282128652e-09,0.0026456400776504216,Isopu_TRINITY_DN24208_c3_g1;Xboc_model_8599,0.009019333304018757,0.002273447294832374,,,,,,,,,,,,,,,,,,,Isopu_TRINITY_DN28893_c1_g3;Xboc_model_467,0.000424707578423361,7.630300053979059e-06,,,,,,,,,,,,,,,,,,,,,,,,,,,,,,,,,,,,,,,
,,,,,,,,,Isopu_TRINITY_DN21203_c0_g1;Xboc_model_12023,0.0025127888256437176,1.6541454172523916e-05,Isopu_TRINITY_DN24208_c3_g1;Xboc_model_8173,0.009019333304018757,2.4710118100555654e-05,,,,,,,,,,,,,,,,,,,Isopu_TRINITY_DN31591_c4_g2;Xboc_model_1569,0.008468428098190461,2.282364857068167e-18,,,,,,,,,,,,,,,,,,,,,,,,,,,,,,,,,,,,,,,
,,,,,,,,,Isopu_TRINITY_DN22903_c0_g2;Xboc_model_6690,0.0008823454518165681,6.432325548090881e-05,Isopu_TRINITY_DN30183_c2_g2;Xboc_model_10767,0.007439166602442278,0.006706891768154081,,,,,,,,,,,,,,,,,,,Isopu_TRINITY_DN22760_c0_g6;Xboc_model_467,0.0005053062097969355,7.630300053979059e-06,,,,,,,,,,,,,,,,,,,,,,,,,,,,,,,,,,,,,,,
,,,,,,,,,Isopu_TRINITY_DN24159_c0_g1;Xboc_model_10373,0.0003993129194593411,9.358886614609652e-07,,,,,,,,,,,,,,,,,,,,,,Isopu_TRINITY_DN28901_c0_g3;Xboc_model_13512,0.005796915506227011,1.2065785327359145e-33,,,,,,,,,,,,,,,,,,,,,,,,,,,,,,,,,,,,,,,
,,,,,,,,,Isopu_TRINITY_DN31375_c0_g2;Xboc_model_8346,1.9549485724626724e-05,0.0005603106068072917,,,,,,,,,,,,,,,,,,,,,,Isopu_TRINITY_DN26803_c0_g1;Xboc_model_10734,4.562815595763556e-07,0.002190178099511359,,,,,,,,,,,,,,,,,,,,,,,,,,,,,,,,,,,,,,,
,,,,,,,,,Isopu_TRINITY_DN23765_c0_g1;Xboc_model_12651,0.006581982580764041,3.608294529253197e-05,,,,,,,,,,,,,,,,,,,,,,Isopu_TRINITY_DN23758_c0_g1;Xboc_model_467,0.0005048555035000147,7.630300053979059e-06,,,,,,,,,,,,,,,,,,,,,,,,,,,,,,,,,,,,,,,
,,,,,,,,,Isopu_TRINITY_DN30119_c0_g1;Xboc_model_9487,3.929814251500792e-05,0.0015176420248306517,,,,,,,,,,,,,,,,,,,,,,Isopu_TRINITY_DN26696_c0_g2;Xboc_model_1569,0.009648337140230093,2.282364857068167e-18,,,,,,,,,,,,,,,,,,,,,,,,,,,,,,,,,,,,,,,
,,,,,,,,,Isopu_TRINITY_DN20396_c0_g2;Xboc_model_8346,0.008168245345576284,0.0005603106068072917,,,,,,,,,,,,,,,,,,,,,,Isopu_TRINITY_DN25730_c0_g3;Xboc_model_2679,0.00890130720451501,5.782914020998562e-15,,,,,,,,,,,,,,,,,,,,,,,,,,,,,,,,,,,,,,,
,,,,,,,,,Isopu_TRINITY_DN24208_c3_g1;Xboc_model_6086,0.009019333304018757,0.00864623769360327,,,,,,,,,,,,,,,,,,,,,,Isopu_TRINITY_DN22633_c0_g4;Xboc_model_14130,0.006429030061502681,5.175084727461903e-06,,,,,,,,,,,,,,,,,,,,,,,,,,,,,,,,,,,,,,,
,,,,,,,,,,,,,,,,,,,,,,,,,,,,,,,,,Isopu_TRINITY_DN27757_c0_g1;Xboc_model_8599,0.000324998576736259,0.002273447294832374,,,,,,,,,,,,,,,,,,,,,,,,,,,,,,,,,,,,,,,
,,,,,,,,,,,,,,,,,,,,,,,,,,,,,,,,,Isopu_TRINITY_DN24963_c0_g7;Xboc_model_9052,0.00018606085669420458,4.7808947368786704e-05,,,,,,,,,,,,,,,,,,,,,,,,,,,,,,,,,,,,,,,
,,,,,,,,,,,,,,,,,,,,,,,,,,,,,,,,,Isopu_TRINITY_DN21766_c0_g2;Xboc_model_13555,0.002373572869811062,7.944194327148512e-48,,,,,,,,,,,,,,,,,,,,,,,,,,,,,,,,,,,,,,,
,,,,,,,,,,,,,,,,,,,,,,,,,,,,,,,,,Isopu_TRINITY_DN26239_c0_g1;Xboc_model_1249,6.755377553117434e-05,0.00012671232348572753,,,,,,,,,,,,,,,,,,,,,,,,,,,,,,,,,,,,,,,
,,,,,,,,,,,,,,,,,,,,,,,,,,,,,,,,,Isopu_TRINITY_DN24963_c0_g7;Xboc_model_8599,0.00018606085669420458,0.002273447294832374,,,,,,,,,,,,,,,,,,,,,,,,,,,,,,,,,,,,,,,
,,,,,,,,,,,,,,,,,,,,,,,,,,,,,,,,,Isopu_TRINITY_DN28893_c1_g3;Xboc_model_12458,0.000424707578423361,2.5934002757905127e-05,,,,,,,,,,,,,,,,,,,,,,,,,,,,,,,,,,,,,,,
,,,,,,,,,,,,,,,,,,,,,,,,,,,,,,,,,Isopu_TRINITY_DN31591_c4_g2;Xboc_model_13642,0.008468428098190461,9.589828273052254e-10,,,,,,,,,,,,,,,,,,,,,,,,,,,,,,,,,,,,,,,
,,,,,,,,,,,,,,,,,,,,,,,,,,,,,,,,,Isopu_TRINITY_DN22760_c0_g6;Xboc_model_12458,0.0005053062097969355,2.5934002757905127e-05,,,,,,,,,,,,,,,,,,,,,,,,,,,,,,,,,,,,,,,
,,,,,,,,,,,,,,,,,,,,,,,,,,,,,,,,,Isopu_TRINITY_DN26696_c0_g2;Xboc_model_13642,0.009648337140230093,9.589828273052254e-10,,,,,,,,,,,,,,,,,,,,,,,,,,,,,,,,,,,,,,,
,,,,,,,,,,,,,,,,,,,,,,,,,,,,,,,,,Isopu_TRINITY_DN23758_c0_g1;Xboc_model_12458,0.0005048555035000147,2.5934002757905127e-05,,,,,,,,,,,,,,,,,,,,,,,,,,,,,,,,,,,,,,,
,,,,,,,,,,,,,,,,,,,,,,,,,,,,,,,,,Isopu_TRINITY_DN24727_c0_g1;Xboc_model_12070,0.0002473045688226112,0.00021701252451106635,,,,,,,,,,,,,,,,,,,,,,,,,,,,,,,,,,,,,,,
,,,,,,,,,,,,,,,,,,,,,,,,,,,,,,,,,Isopu_TRINITY_DN28901_c0_g3;Xboc_model_2535,0.005796915506227011,1.7205634007029072e-19,,,,,,,,,,,,,,,,,,,,,,,,,,,,,,,,,,,,,,,
,,,,,,,,,,,,,,,,,,,,,,,,,,,,,,,,,Isopu_TRINITY_DN22760_c0_g6;Xboc_model_9052,0.0005053062097969355,4.7808947368786704e-05,,,,,,,,,,,,,,,,,,,,,,,,,,,,,,,,,,,,,,,
,,,,,,,,,,,,,,,,,,,,,,,,,,,,,,,,,Isopu_TRINITY_DN28549_c0_g2;Xboc_model_13265,0.001479810316993135,0.006098133870404553,,,,,,,,,,,,,,,,,,,,,,,,,,,,,,,,,,,,,,,
,,,,,,,,,,,,,,,,,,,,,,,,,,,,,,,,,Isopu_TRINITY_DN28901_c0_g3;Xboc_model_1569,0.005796915506227011,2.282364857068167e-18,,,,,,,,,,,,,,,,,,,,,,,,,,,,,,,,,,,,,,,
,,,,,,,,,,,,,,,,,,,,,,,,,,,,,,,,,Isopu_TRINITY_DN23758_c0_g1;Xboc_model_8599,0.0005048555035000147,0.002273447294832374,,,,,,,,,,,,,,,,,,,,,,,,,,,,,,,,,,,,,,,
,,,,,,,,,,,,,,,,,,,,,,,,,,,,,,,,,Isopu_TRINITY_DN31591_c4_g2;Xboc_model_8173,0.008468428098190461,2.4710118100555654e-05,,,,,,,,,,,,,,,,,,,,,,,,,,,,,,,,,,,,,,,
,,,,,,,,,,,,,,,,,,,,,,,,,,,,,,,,,Isopu_TRINITY_DN26696_c0_g2;Xboc_model_8173,0.009648337140230093,2.4710118100555654e-05,,,,,,,,,,,,,,,,,,,,,,,,,,,,,,,,,,,,,,,
,,,,,,,,,,,,,,,,,,,,,,,,,,,,,,,,,Isopu_TRINITY_DN29456_c0_g1;Xboc_model_4041,0.0009864905188486496,0.003039832903954797,,,,,,,,,,,,,,,,,,,,,,,,,,,,,,,,,,,,,,,
,,,,,,,,,,,,,,,,,,,,,,,,,,,,,,,,,Isopu_TRINITY_DN24727_c0_g1;Xboc_model_4041,0.0002473045688226112,0.003039832903954797,,,,,,,,,,,,,,,,,,,,,,,,,,,,,,,,,,,,,,,
,,,,,,,,,,,,,,,,,,,,,,,,,,,,,,,,,Isopu_TRINITY_DN31591_c4_g2;Xboc_model_467,0.008468428098190461,7.630300053979059e-06,,,,,,,,,,,,,,,,,,,,,,,,,,,,,,,,,,,,,,,
,,,,,,,,,,,,,,,,,,,,,,,,,,,,,,,,,Isopu_TRINITY_DN26696_c0_g2;Xboc_model_467,0.009648337140230093,7.630300053979059e-06,,,,,,,,,,,,,,,,,,,,,,,,,,,,,,,,,,,,,,,
,,,,,,,,,,,,,,,,,,,,,,,,,,,,,,,,,Isopu_TRINITY_DN22024_c0_g7;Xboc_model_9052,0.0029398472810030544,4.7808947368786704e-05,,,,,,,,,,,,,,,,,,,,,,,,,,,,,,,,,,,,,,,
,,,,,,,,,,,,,,,,,,,,,,,,,,,,,,,,,Isopu_TRINITY_DN28901_c0_g3;Xboc_model_13642,0.005796915506227011,9.589828273052254e-10,,,,,,,,,,,,,,,,,,,,,,,,,,,,,,,,,,,,,,,
,,,,,,,,,,,,,,,,,,,,,,,,,,,,,,,,,Isopu_TRINITY_DN25644_c0_g6;Xboc_model_12070,0.004346264471236985,0.00021701252451106635,,,,,,,,,,,,,,,,,,,,,,,,,,,,,,,,,,,,,,,
,,,,,,,,,,,,,,,,,,,,,,,,,,,,,,,,,Isopu_TRINITY_DN22024_c0_g7;Xboc_model_8599,0.0029398472810030544,0.002273447294832374,,,,,,,,,,,,,,,,,,,,,,,,,,,,,,,,,,,,,,,
,,,,,,,,,,,,,,,,,,,,,,,,,,,,,,,,,Isopu_TRINITY_DN25427_c0_g3;Xboc_model_1228,0.0020674515557482106,0.0006786760623057902,,,,,,,,,,,,,,,,,,,,,,,,,,,,,,,,,,,,,,,
,,,,,,,,,,,,,,,,,,,,,,,,,,,,,,,,,Isopu_TRINITY_DN31591_c4_g2;Xboc_model_12458,0.008468428098190461,2.5934002757905127e-05,,,,,,,,,,,,,,,,,,,,,,,,,,,,,,,,,,,,,,,
,,,,,,,,,,,,,,,,,,,,,,,,,,,,,,,,,Isopu_TRINITY_DN28901_c0_g3;Xboc_model_8173,0.005796915506227011,2.4710118100555654e-05,,,,,,,,,,,,,,,,,,,,,,,,,,,,,,,,,,,,,,,
,,,,,,,,,,,,,,,,,,,,,,,,,,,,,,,,,Isopu_TRINITY_DN26696_c0_g2;Xboc_model_12458,0.009648337140230093,2.5934002757905127e-05,,,,,,,,,,,,,,,,,,,,,,,,,,,,,,,,,,,,,,,
,,,,,,,,,,,,,,,,,,,,,,,,,,,,,,,,,Isopu_TRINITY_DN25730_c0_g3;Xboc_model_8244,0.00890130720451501,8.830181324109146e-07,,,,,,,,,,,,,,,,,,,,,,,,,,,,,,,,,,,,,,,
,,,,,,,,,,,,,,,,,,,,,,,,,,,,,,,,,Isopu_TRINITY_DN25644_c0_g6;Xboc_model_4041,0.004346264471236985,0.003039832903954797,,,,,,,,,,,,,,,,,,,,,,,,,,,,,,,,,,,,,,,
,,,,,,,,,,,,,,,,,,,,,,,,,,,,,,,,,Isopu_TRINITY_DN28901_c0_g3;Xboc_model_467,0.005796915506227011,7.630300053979059e-06,,,,,,,,,,,,,,,,,,,,,,,,,,,,,,,,,,,,,,,
,,,,,,,,,,,,,,,,,,,,,,,,,,,,,,,,,Isopu_TRINITY_DN25725_c0_g2;Xboc_model_11408,0.001776260269071094,0.003719125105582403,,,,,,,,,,,,,,,,,,,,,,,,,,,,,,,,,,,,,,,
,,,,,,,,,,,,,,,,,,,,,,,,,,,,,,,,,Isopu_TRINITY_DN25347_c3_g1;Xboc_model_11408,0.0028466833903384127,0.003719125105582403,,,,,,,,,,,,,,,,,,,,,,,,,,,,,,,,,,,,,,,
,,,,,,,,,,,,,,,,,,,,,,,,,,,,,,,,,Isopu_TRINITY_DN25640_c0_g1;Xboc_model_12571,0.0024522472501905253,2.855892798476644e-05,,,,,,,,,,,,,,,,,,,,,,,,,,,,,,,,,,,,,,,
,,,,,,,,,,,,,,,,,,,,,,,,,,,,,,,,,Isopu_TRINITY_DN24465_c0_g1;Xboc_model_11408,0.008306858507882818,0.003719125105582403,,,,,,,,,,,,,,,,,,,,,,,,,,,,,,,,,,,,,,,
,,,,,,,,,,,,,,,,,,,,,,,,,,,,,,,,,Isopu_TRINITY_DN28901_c0_g3;Xboc_model_12458,0.005796915506227011,2.5934002757905127e-05,,,,,,,,,,,,,,,,,,,,,,,,,,,,,,,,,,,,,,,
,,,,,,,,,,,,,,,,,,,,,,,,,,,,,,,,,Isopu_TRINITY_DN28901_c0_g3;Xboc_model_9052,0.005796915506227011,4.7808947368786704e-05,,,,,,,,,,,,,,,,,,,,,,,,,,,,,,,,,,,,,,,
,,,,,,,,,,,,,,,,,,,,,,,,,,,,,,,,,Isopu_TRINITY_DN28901_c0_g3;Xboc_model_8599,0.005796915506227011,0.002273447294832374,,,,,,,,,,,,,,,,,,,,,,,,,,,,,,,,,,,,,,,
,,,,,,,,,,,,,,,,,,,,,,,,,,,,,,,,,Isopu_TRINITY_DN10693_c0_g1;Xboc_model_3150,0.003199090990465472,0.005309394539815211,,,,,,,,,,,,,,,,,,,,,,,,,,,,,,,,,,,,,,,
