Spur_Aboral ectoderm;Xboc_EPIDERMIS,Spur_Aboral ectoderm;Xboc_EPIDERMIS_pval1,Spur_Aboral ectoderm;Xboc_EPIDERMIS_pval2,Spur_Aboral ectoderm;Xboc_PIGMENT,Spur_Aboral ectoderm;Xboc_PIGMENT_pval1,Spur_Aboral ectoderm;Xboc_PIGMENT_pval2,Spur_Anus;Xboc_EXCRETORY,Spur_Anus;Xboc_EXCRETORY_pval1,Spur_Anus;Xboc_EXCRETORY_pval2,Spur_Anus;Xboc_GUT,Spur_Anus;Xboc_GUT_pval1,Spur_Anus;Xboc_GUT_pval2,Spur_Apical plate;Xboc_CILIATED_CELLS,Spur_Apical plate;Xboc_CILIATED_CELLS_pval1,Spur_Apical plate;Xboc_CILIATED_CELLS_pval2,Spur_Blastocoelar cells;Xboc_EPIDERMIS,Spur_Blastocoelar cells;Xboc_EPIDERMIS_pval1,Spur_Blastocoelar cells;Xboc_EPIDERMIS_pval2,Spur_Blastocoelar cells;Xboc_MUSCLE,Spur_Blastocoelar cells;Xboc_MUSCLE_pval1,Spur_Blastocoelar cells;Xboc_MUSCLE_pval2,Spur_Cardiac sphincter;Xboc_GUT,Spur_Cardiac sphincter;Xboc_GUT_pval1,Spur_Cardiac sphincter;Xboc_GUT_pval2,Spur_Cardiac sphincter;Xboc_MUSCLE,Spur_Cardiac sphincter;Xboc_MUSCLE_pval1,Spur_Cardiac sphincter;Xboc_MUSCLE_pval2,Spur_Ciliary band;Xboc_CILIATED_CELLS,Spur_Ciliary band;Xboc_CILIATED_CELLS_pval1,Spur_Ciliary band;Xboc_CILIATED_CELLS_pval2,Spur_Ciliary band;Xboc_unk9,Spur_Ciliary band;Xboc_unk9_pval1,Spur_Ciliary band;Xboc_unk9_pval2,Spur_Coelomic pouches;Xboc_unk9,Spur_Coelomic pouches;Xboc_unk9_pval1,Spur_Coelomic pouches;Xboc_unk9_pval2,Spur_Esophageal muscles;Xboc_MUSCLE,Spur_Esophageal muscles;Xboc_MUSCLE_pval1,Spur_Esophageal muscles;Xboc_MUSCLE_pval2,Spur_Esophagus;Xboc_GUT,Spur_Esophagus;Xboc_GUT_pval1,Spur_Esophagus;Xboc_GUT_pval2,Spur_Esophagus;Xboc_unk9,Spur_Esophagus;Xboc_unk9_pval1,Spur_Esophagus;Xboc_unk9_pval2,Spur_Exocrine pancreas-like;Xboc_GLAND3,Spur_Exocrine pancreas-like;Xboc_GLAND3_pval1,Spur_Exocrine pancreas-like;Xboc_GLAND3_pval2,Spur_Immune cells;Xboc_EPIDERMIS,Spur_Immune cells;Xboc_EPIDERMIS_pval1,Spur_Immune cells;Xboc_EPIDERMIS_pval2,Spur_Immune cells;Xboc_GUT,Spur_Immune cells;Xboc_GUT_pval1,Spur_Immune cells;Xboc_GUT_pval2,Spur_Intestine;Xboc_GUT,Spur_Intestine;Xboc_GUT_pval1,Spur_Intestine;Xboc_GUT_pval2,Spur_Pyloric sphincter;Xboc_GUT,Spur_Pyloric sphincter;Xboc_GUT_pval1,Spur_Pyloric sphincter;Xboc_GUT_pval2,Spur_Pyloric sphincter;Xboc_unk9,Spur_Pyloric sphincter;Xboc_unk9_pval1,Spur_Pyloric sphincter;Xboc_unk9_pval2,Spur_Stomach (1);Xboc_GUT,Spur_Stomach (1);Xboc_GUT_pval1,Spur_Stomach (1);Xboc_GUT_pval2,Spur_Stomach (2);Xboc_GUT,Spur_Stomach (2);Xboc_GUT_pval1,Spur_Stomach (2);Xboc_GUT_pval2,Spur_Stomach (3);Xboc_GUT,Spur_Stomach (3);Xboc_GUT_pval1,Spur_Stomach (3);Xboc_GUT_pval2,Spur_Stomach (3);Xboc_unk9,Spur_Stomach (3);Xboc_unk9_pval1,Spur_Stomach (3);Xboc_unk9_pval2,Spur_Undefined;Xboc_EPIDERMIS,Spur_Undefined;Xboc_EPIDERMIS_pval1,Spur_Undefined;Xboc_EPIDERMIS_pval2,Spur_Undefined;Xboc_GLAND1,Spur_Undefined;Xboc_GLAND1_pval1,Spur_Undefined;Xboc_GLAND1_pval2,Spur_Undefined;Xboc_GLAND2,Spur_Undefined;Xboc_GLAND2_pval1,Spur_Undefined;Xboc_GLAND2_pval2,Spur_Undefined;Xboc_GLAND3,Spur_Undefined;Xboc_GLAND3_pval1,Spur_Undefined;Xboc_GLAND3_pval2,Spur_Undefined;Xboc_GLAND4,Spur_Undefined;Xboc_GLAND4_pval1,Spur_Undefined;Xboc_GLAND4_pval2,Spur_Undefined;Xboc_GUT,Spur_Undefined;Xboc_GUT_pval1,Spur_Undefined;Xboc_GUT_pval2,Spur_Undefined;Xboc_PHARYNGEAL,Spur_Undefined;Xboc_PHARYNGEAL_pval1,Spur_Undefined;Xboc_PHARYNGEAL_pval2,Spur_Undefined;Xboc_PIGMENT,Spur_Undefined;Xboc_PIGMENT_pval1,Spur_Undefined;Xboc_PIGMENT_pval2,Spur_Undefined;Xboc_SECRETORY_EPITHELIIUM_3,Spur_Undefined;Xboc_SECRETORY_EPITHELIIUM_3_pval1,Spur_Undefined;Xboc_SECRETORY_EPITHELIIUM_3_pval2,Spur_Undefined;Xboc_SECRETORY_EPITHELIIUM_4,Spur_Undefined;Xboc_SECRETORY_EPITHELIIUM_4_pval1,Spur_Undefined;Xboc_SECRETORY_EPITHELIIUM_4_pval2,Spur_Undefined;Xboc_unk3,Spur_Undefined;Xboc_unk3_pval1,Spur_Undefined;Xboc_unk3_pval2,Spur_Undefined;Xboc_unk4,Spur_Undefined;Xboc_unk4_pval1,Spur_Undefined;Xboc_unk4_pval2,Spur_Undefined;Xboc_unk5,Spur_Undefined;Xboc_unk5_pval1,Spur_Undefined;Xboc_unk5_pval2,Spur_Undefined;Xboc_unk8,Spur_Undefined;Xboc_unk8_pval1,Spur_Undefined;Xboc_unk8_pval2,Spur_Upper oral ectoderm;Xboc_GUT,Spur_Upper oral ectoderm;Xboc_GUT_pval1,Spur_Upper oral ectoderm;Xboc_GUT_pval2,Spur_Upper oral ectoderm;Xboc_unk9,Spur_Upper oral ectoderm;Xboc_unk9_pval1,Spur_Upper oral ectoderm;Xboc_unk9_pval2
Spur_WHL22.771108;Xboc_model_6364,7.880127486053457e-156,0.0,Spur_WHL22.350152;Xboc_model_6093,0.0,2.1396073834436083e-15,Spur_WHL22.362925;Xboc_model_2501,6.774512751838156e-238,8.199920183513798e-47,Spur_WHL22.652208;Xboc_model_1355,1.8061970001703074e-97,0.0,Spur_WHL22.417635;Xboc_g5180,8.90450955957814e-06,1.5483475151198248e-153,Spur_WHL22.57377;Xboc_model_10796,1.2474332342192814e-13,5.728269233798078e-253,Spur_WHL22.541149;Xboc_model_10848,2.5232901715651138e-85,8.157482045033553e-35,Spur_WHL22.418503;Xboc_model_2804,7.599533855727065e-165,8.78558101426368e-44,Spur_WHL22.271926;Xboc_model_10723,6.973318722486887e-181,9.56033745188019e-78,Spur_WHL22.521547;Xboc_g5180,0.0,1.5483475151198248e-153,Spur_WHL22.307920;Xboc_model_11004,8.630778782911767e-57,5.031386837603455e-58,Spur_WHL22.616098;Xboc_model_3070,2.5349916719243233e-06,2.4890359867151267e-67,Spur_WHL22.32815;Xboc_model_6438,1.124493152295968e-18,0.0,Spur_WHL22.700720;Xboc_model_13733,7.515971179672225e-34,1.5508712294895254e-52,Spur_WHL22.539050;Xboc_model_6757,1.1764602222073893e-40,1.9327742659077708e-88,Spur_WHL22.21762;Xboc_model_8980,2.75901574959684e-282,4.809109685550454e-13,Spur_WHL22.215389;Xboc_model_10039,1.0789284145172952e-75,5.768697749451638e-51,Spur_WHL22.501363;Xboc_model_6655,0.0,1.7923411053392836e-214,Spur_WHL22.374326;Xboc_model_7525,7.88232438705897e-38,6.8060024648484865e-121,Spur_WHL22.65657;Xboc_model_578,3.0858014275726096e-55,4.6661057190310454e-23,Spur_WHL22.119525;Xboc_model_826,1.3999555104225666e-16,1.4057766359072304e-24,Spur_WHL22.417635;Xboc_model_83,3.2336668750460126e-122,3.126330545579267e-243,Spur_WHL22.374326;Xboc_model_7525,1.220682423756247e-48,6.8060024648484865e-121,Spur_WHL22.539050;Xboc_model_6757,1.7100853762517296e-12,1.020779563046915e-123,Spur_WHL22.539050;Xboc_model_6757,1.7100853762517296e-12,1.9327742659077708e-88,Spur_WHL22.771108;Xboc_model_6364,1.2868699219176262e-237,0.0,Spur_WHL22.21762;Xboc_model_3810,2.275917017069279e-45,5.093817802238794e-35,,,,Spur_WHL22.21762;Xboc_model_10806,2.275917017069279e-45,5.584796502395294e-12,Spur_WHL22.21762;Xboc_model_3161,2.275917017069279e-45,0.00018009362050623443,Spur_WHL22.288460;Xboc_model_7642,1.4990520990422293e-30,0.0,Spur_WHL22.255462;Xboc_model_2536,0.0,2.7721224435728758e-36,Spur_WHL22.350152;Xboc_model_6093,0.0,2.1396073834436083e-15,Spur_WHL22.445263;Xboc_model_7522,8.918216456996237e-31,9.020724251693432e-84,Spur_WHL22.445263;Xboc_model_7522,8.918216456996237e-31,2.0026094591664416e-68,,,,Spur_WHL22.442792;Xboc_model_3945,4.424946187936298e-176,0.005116953095153007,Spur_WHL22.586081;Xboc_model_1908,0.0,0.0014207967293442577,,,,Spur_WHL22.366536;Xboc_model_13733,2.5601702793114878e-49,1.5508712294895254e-52,Spur_WHL22.224201;Xboc_model_3217,8.763841542159605e-34,6.116651867726928e-64
Spur_WHL22.350152;Xboc_model_10039,0.0,5.768697749451638e-51,Spur_WHL22.350152;Xboc_model_9372,0.0,1.2172884243775605e-13,Spur_WHL22.520557;Xboc_model_2501,1.568904428871795e-134,8.199920183513798e-47,Spur_WHL22.418503;Xboc_model_2804,1.4950262330879618e-33,8.78558101426368e-44,Spur_WHL22.521616;Xboc_g5180,1.7708953608049116e-19,1.5483475151198248e-153,Spur_WHL22.57377;Xboc_model_1141,1.2474332342192814e-13,1.2845821361537508e-78,Spur_WHL22.557024;Xboc_model_10848,4.5191833506189076e-57,8.157482045033553e-35,Spur_WHL22.145103;Xboc_model_6655,7.907821523554705e-68,1.7923411053392836e-214,Spur_WHL22.271926;Xboc_model_3275,6.973318722486887e-181,2.0922962519175227e-124,Spur_WHL22.586081;Xboc_model_13686,3.641954821235953e-198,5.193608250185905e-305,Spur_WHL22.224201;Xboc_model_3217,2.2838092674919293e-74,6.116651867726928e-64,Spur_WHL22.666070;Xboc_model_13700,0.001762497975706114,7.693121204307278e-55,Spur_WHL22.620113;Xboc_model_6778,5.3680495644960804e-18,6.75835248987748e-182,Spur_WHL22.422901;Xboc_model_13733,1.5031452826958376e-11,1.5508712294895254e-52,Spur_WHL22.701048;Xboc_model_3404,2.028065090116061e-28,5.461041467575923e-56,Spur_WHL22.21762;Xboc_model_10806,2.75901574959684e-282,5.584796502395294e-12,Spur_WHL22.245681;Xboc_model_8484,1.7379716567547565e-61,0.0,Spur_WHL22.110286;Xboc_model_238,1.5608691717535837e-23,1.0389984031637468e-45,Spur_WHL22.418503;Xboc_model_2804,5.295216887442557e-42,8.78558101426368e-44,Spur_WHL22.145103;Xboc_model_6655,1.0832617411182188e-11,1.7923411053392836e-214,Spur_WHL22.343329;Xboc_model_4701,0.00023198316397871036,1.4170659007021752e-45,Spur_WHL22.478156;Xboc_model_1355,5.314507717206372e-28,0.0,Spur_WHL22.110836;Xboc_model_13060,3.5557843201243315e-96,5.186352194550093e-22,Spur_WHL22.65657;Xboc_model_578,6.377460755056067e-13,4.6661057190310454e-23,Spur_WHL22.445251;Xboc_model_1758,6.567469249563434e-19,0.00859851750552865,Spur_WHL22.255462;Xboc_model_10039,0.0,5.768697749451638e-51,Spur_WHL22.21762;Xboc_model_3298,2.275917017069279e-45,1.4726508432856957e-12,,,,Spur_WHL22.21762;Xboc_model_8980,2.275917017069279e-45,4.809109685550454e-13,Spur_WHL22.442792;Xboc_model_3945,4.424946187936298e-176,0.005562725364733008,Spur_WHL22.731449;Xboc_model_10785,3.84852975031187e-151,3.2014922460514875e-21,Spur_WHL22.350152;Xboc_model_2536,0.0,2.7721224435728758e-36,Spur_WHL22.255462;Xboc_model_6093,0.0,2.1396073834436083e-15,Spur_WHL22.445263;Xboc_model_7526,8.918216456996237e-31,0.0031689060310340056,Spur_WHL22.445263;Xboc_model_7526,8.918216456996237e-31,0.0035734966012850988,,,,Spur_WHL22.347364;Xboc_model_6792,0.003876554130507265,0.008620493344880006,Spur_WHL22.289562;Xboc_model_1908,2.67301547129271e-27,0.0014207967293442577,,,,Spur_WHL22.51238;Xboc_model_13733,4.27083800960706e-27,1.5508712294895254e-52,Spur_WHL22.173213;Xboc_model_8107,2.3862484350796356e-42,5.120704277585867e-74
Spur_WHL22.350152;Xboc_model_2157,0.0,1.3112654510173574e-40,Spur_WHL22.255462;Xboc_model_6093,0.0,2.1396073834436083e-15,Spur_WHL22.318239;Xboc_model_2501,3.442728872907057e-165,8.199920183513798e-47,Spur_WHL22.148946;Xboc_model_1355,4.703515192866066e-36,0.0,Spur_WHL22.27015;Xboc_model_3942,4.494834404609796e-15,0.0005289963047061817,Spur_WHL22.521653;Xboc_model_10963,1.5606180042183728e-30,3.5606324083409e-157,Spur_WHL22.541259;Xboc_model_10848,5.341954677717567e-38,8.157482045033553e-35,Spur_WHL22.652208;Xboc_model_1355,4.847860504255544e-45,0.0,Spur_WHL22.233945;Xboc_model_6660,1.770772951306208e-190,3.851834976067486e-124,Spur_WHL22.586081;Xboc_model_10642,3.641954821235953e-198,2.6447455268418946e-122,Spur_WHL22.586081;Xboc_model_13686,3.641954821235953e-198,1.777820242566599e-12,Spur_WHL22.60737;Xboc_model_8249,0.0012567165741734765,5.555339402610785e-39,Spur_WHL22.464775;Xboc_model_3478,8.497447644226905e-17,1.2756936955355156e-27,Spur_WHL22.425597;Xboc_model_13733,1.8862793370563836e-16,1.5508712294895254e-52,Spur_WHL22.224201;Xboc_model_3217,1.8858413629425706e-22,6.116651867726928e-64,Spur_WHL22.21762;Xboc_model_1959,2.75901574959684e-282,1.6086496443842235e-08,Spur_WHL22.215389;Xboc_model_2157,1.0789284145172952e-75,1.3112654510173574e-40,Spur_WHL22.674251;Xboc_model_12214,1.4227155917526321e-119,7.556278739224553e-21,Spur_WHL22.652208;Xboc_model_1355,1.388290418247171e-48,0.0,Spur_WHL22.110836;Xboc_model_13060,1.5310253626764134e-19,5.186352194550093e-22,Spur_WHL22.192611;Xboc_model_12091,7.607891832271111e-35,0.004354491394155791,Spur_WHL22.521535;Xboc_model_83,1.4741289325470712e-25,3.126330545579267e-243,Spur_WHL22.539050;Xboc_model_6757,5.229728555601841e-60,1.020779563046915e-123,Spur_WHL22.110836;Xboc_model_13060,2.8916395633573344e-06,5.186352194550093e-22,Spur_WHL22.192611;Xboc_model_12091,6.658757138382895e-63,0.004354491394155791,Spur_WHL22.350152;Xboc_model_10039,0.0,5.768697749451638e-51,Spur_WHL22.21762;Xboc_model_3312,2.275917017069279e-45,7.820818334740014e-13,,,,Spur_WHL22.21762;Xboc_model_1959,2.275917017069279e-45,1.6086496443842235e-08,,,,Spur_WHL22.586081;Xboc_model_238,0.0,1.0389984031637468e-45,Spur_WHL22.586081;Xboc_model_237,0.0,2.153339333702025e-32,Spur_WHL22.350152;Xboc_model_9372,0.0,1.2172884243775605e-13,Spur_WHL22.742473;Xboc_model_6792,9.387852885813922e-09,2.6589355498444146e-21,Spur_WHL22.742473;Xboc_model_6792,9.387852885813922e-09,7.50208664784693e-40,,,,Spur_WHL22.742473;Xboc_model_6792,9.387852885813922e-09,0.008620493344880006,Spur_WHL22.173213;Xboc_model_8107,4.8517903081313e-144,0.0045066054654510695,,,,Spur_WHL22.700720;Xboc_model_13733,1.3552020331032676e-18,1.5508712294895254e-52,Spur_WHL22.442792;Xboc_model_3945,1.795019968764814e-31,1.2153669423615745e-87
Spur_WHL22.255462;Xboc_model_10039,0.0,5.768697749451638e-51,Spur_WHL22.255462;Xboc_model_9372,0.0,1.2172884243775605e-13,Spur_WHL22.186269;Xboc_model_1071,9.825250067802916e-231,8.741039915084215e-35,Spur_WHL22.145103;Xboc_model_6655,2.3051684843500974e-16,1.7923411053392836e-214,Spur_WHL22.382468;Xboc_model_6906,0.003758176233343202,3.8689990560624316e-14,Spur_WHL22.521653;Xboc_model_10796,1.5606180042183728e-30,5.728269233798078e-253,Spur_WHL22.103791;Xboc_model_5348,2.0220161881027743e-39,2.466468151020737e-69,Spur_WHL22.521535;Xboc_model_83,1.066681277923167e-15,3.126330545579267e-243,Spur_WHL22.271926;Xboc_model_8500,6.973318722486887e-181,6.228891484178966e-36,Spur_WHL22.766526;Xboc_model_13686,1.203242657609628e-08,5.193608250185905e-305,Spur_WHL22.667356;Xboc_model_5473,9.561220328239613e-76,1.8983028538548782e-39,Spur_WHL22.214395;Xboc_model_9209,8.934874944121767e-08,1.254743109762908e-19,Spur_WHL22.271926;Xboc_model_3275,1.1340582377483586e-43,2.0922962519175227e-124,Spur_WHL22.366536;Xboc_model_13733,3.477434001910733e-31,1.5508712294895254e-52,Spur_WHL22.442792;Xboc_model_3945,1.2902092039154682e-22,1.2153669423615745e-87,,,,Spur_WHL22.245681;Xboc_model_574,1.7379716567547565e-61,1.5878231205511304e-88,Spur_WHL22.519961;Xboc_model_4774,1.1229136539392809e-54,3.8405060119420285e-53,Spur_WHL22.373529;Xboc_model_9949,4.665982538785179e-17,5.792913630647039e-117,Spur_WHL22.521535;Xboc_model_83,2.0832433175621073e-12,3.126330545579267e-243,Spur_WHL22.276038;Xboc_model_10493,2.6429235988148574e-13,2.7234128726566902e-05,Spur_WHL22.65657;Xboc_model_578,3.24084054523294e-126,4.6661057190310454e-23,Spur_WHL22.65657;Xboc_model_578,4.633641044396613e-80,4.6661057190310454e-23,Spur_WHL22.647233;Xboc_model_7353,2.0300655064249382e-10,1.3965823304734238e-44,Spur_WHL22.343329;Xboc_model_4701,8.165772700638189e-22,1.4170659007021752e-45,Spur_WHL22.255462;Xboc_model_2157,0.0,1.3112654510173574e-40,Spur_WHL22.21762;Xboc_model_12910,2.275917017069279e-45,0.00015429704646306757,,,,Spur_WHL22.742473;Xboc_model_6792,9.387852885813922e-09,0.0014816385269390798,,,,Spur_WHL22.539050;Xboc_model_6757,9.182235630571451e-52,1.020779563046915e-123,Spur_WHL22.659635;Xboc_model_8234,6.742200109366663e-188,9.825132077760315e-07,Spur_WHL22.255462;Xboc_model_9372,0.0,1.2172884243775605e-13,Spur_WHL22.347364;Xboc_model_6792,0.003876554130507265,2.6589355498444146e-21,Spur_WHL22.347364;Xboc_model_6792,0.003876554130507265,7.50208664784693e-40,,,,,,,Spur_WHL22.766526;Xboc_model_1908,2.5888359422088903e-05,0.0014207967293442577,,,,Spur_WHL22.586081;Xboc_model_238,1.7083811688363654e-80,1.0389984031637468e-45,Spur_WHL22.701048;Xboc_model_3404,4.6099584237776015e-33,5.461041467575923e-56
Spur_WHL22.510905;Xboc_model_8484,1.488812398209902e-17,0.0,Spur_WHL22.350152;Xboc_model_6095,0.0,6.8234175491495644e-12,Spur_WHL22.312729;Xboc_model_1071,9.074828903459413e-209,8.741039915084215e-35,Spur_WHL22.223883;Xboc_model_7694,1.7849767364633924e-30,1.9946072160507784e-213,Spur_WHL22.659635;Xboc_g5180,2.4993933382536976e-09,1.5483475151198248e-153,Spur_WHL22.57377;Xboc_model_9965,1.2474332342192814e-13,1.3637429210934938e-16,Spur_WHL22.373158;Xboc_g6953,3.8200130419025406e-16,6.4674648732548835e-06,Spur_WHL22.647233;Xboc_model_7353,3.3136674364951773e-21,1.3965823304734238e-44,Spur_WHL22.554921;Xboc_model_10723,0.00012413789792359165,9.56033745188019e-78,Spur_WHL22.766526;Xboc_model_10642,1.203242657609628e-08,2.6447455268418946e-122,Spur_WHL22.442792;Xboc_model_3945,2.031221696595873e-59,1.2153669423615745e-87,Spur_WHL22.398255;Xboc_model_9209,0.0004467053887687557,1.254743109762908e-19,Spur_WHL22.271926;Xboc_model_10723,1.1340582377483586e-43,9.56033745188019e-78,Spur_WHL22.586162;Xboc_model_610,4.592832713371582e-14,3.526975074892877e-09,Spur_WHL22.173213;Xboc_model_8107,1.9900867408601296e-23,5.120704277585867e-74,,,,Spur_WHL22.215389;Xboc_model_8556,1.0789284145172952e-75,9.293677743020718e-26,Spur_WHL22.100800;Xboc_model_14026,4.718583496595719e-126,2.3528824094092374e-12,Spur_WHL22.145103;Xboc_model_6655,3.381710730377081e-07,1.7923411053392836e-214,Spur_WHL22.647233;Xboc_model_7353,4.43234200359774e-40,1.3965823304734238e-44,Spur_WHL22.366202;Xboc_model_9374,3.258859583829971e-06,0.00021714516280386335,Spur_WHL22.110836;Xboc_model_13060,3.7402824259097113e-106,5.186352194550093e-22,Spur_WHL22.471125;Xboc_model_765,4.316643731985945e-08,1.520029210761e-310,Spur_WHL22.652208;Xboc_model_1355,0.005026824001174313,0.0,Spur_WHL22.119525;Xboc_model_826,9.49507066744122e-29,1.4057766359072304e-24,Spur_WHL22.350152;Xboc_model_2157,0.0,1.3112654510173574e-40,Spur_WHL22.21762;Xboc_model_10349,2.275917017069279e-45,2.3742704574553795e-06,,,,Spur_WHL22.347364;Xboc_model_6792,0.003876554130507265,0.0014816385269390798,,,,Spur_WHL22.374326;Xboc_model_7525,1.412849080026414e-08,6.8060024648484865e-121,Spur_WHL22.521616;Xboc_model_8234,2.5558033490351054e-81,9.825132077760315e-07,Spur_WHL22.350152;Xboc_model_6095,0.0,6.8234175491495644e-12,Spur_WHL22.386245;Xboc_model_1910,1.9786381057044036e-05,0.0005382444496798665,Spur_WHL22.586081;Xboc_model_1908,0.0,4.103804715685585e-09,,,,,,,Spur_WHL22.366016;Xboc_model_1908,0.00011861956447900999,0.0014207967293442577,,,,Spur_WHL22.289562;Xboc_model_238,2.70762243288099e-22,1.0389984031637468e-45,Spur_WHL22.667356;Xboc_model_5473,1.1104185293854971e-35,1.8983028538548782e-39
Spur_WHL22.255462;Xboc_model_2157,0.0,1.3112654510173574e-40,Spur_WHL22.255462;Xboc_model_6095,0.0,6.8234175491495644e-12,Spur_WHL22.119959;Xboc_model_11082,2.3106969274729296e-11,0.00033586471221056045,Spur_WHL22.82106;Xboc_model_9949,6.82775875722941e-08,5.792913630647039e-117,Spur_WHL22.456851;Xboc_model_3942,1.887166627515619e-58,0.0005289963047061817,Spur_WHL22.57377;Xboc_model_3134,1.2474332342192814e-13,2.8129470163870646e-84,Spur_WHL22.590901;Xboc_model_7560,2.4684262531605772e-17,3.177446054949731e-08,Spur_WHL22.478156;Xboc_model_1355,0.0007971749676457192,0.0,Spur_WHL22.554921;Xboc_model_8500,0.00012413789792359165,6.228891484178966e-36,Spur_WHL22.525784;Xboc_model_8612,1.7336797510971374e-54,0.0007551499761335742,Spur_WHL22.701048;Xboc_model_3404,2.8432548142720467e-56,5.461041467575923e-56,Spur_WHL22.435146;Xboc_model_6292,0.0002513473979398074,1.2262501417383304e-41,Spur_WHL22.24095;Xboc_model_1171,1.2581457939683228e-51,7.862991685456068e-05,Spur_WHL22.635935;Xboc_model_685,0.001173758225187073,1.264533476072502e-68,Spur_WHL22.313858;Xboc_model_3245,3.246829553572703e-22,9.025659168069122e-30,,,,Spur_WHL22.183732;Xboc_model_918,2.3964484530715918e-60,5.160034602425447e-09,Spur_WHL22.148946;Xboc_model_1355,0.0002726829050218411,0.0,Spur_WHL22.148946;Xboc_model_1355,3.1260755613280547e-07,0.0,Spur_WHL22.652208;Xboc_model_1355,6.736097117904811e-14,0.0,Spur_WHL22.770270;Xboc_model_13269,0.005038856449412578,1.4689378779229747e-22,Spur_WHL22.145103;Xboc_model_6655,2.540742409950034e-19,1.7923411053392836e-214,Spur_WHL22.349571;Xboc_model_13060,2.9922100444177032e-33,5.186352194550093e-22,Spur_WHL22.368884;Xboc_model_510,2.5954608443326158e-05,5.078360873846777e-116,Spur_WHL22.276038;Xboc_model_10493,1.233072977541823e-38,2.7234128726566902e-05,Spur_WHL22.255462;Xboc_model_8556,0.0,9.293677743020718e-26,Spur_WHL22.21762;Xboc_model_3802,2.275917017069279e-45,0.00015345564563535138,,,,,,,,,,Spur_WHL22.521653;Xboc_model_765,1.898407416651502e-11,1.520029210761e-310,Spur_WHL22.766526;Xboc_model_237,2.5888359422088903e-05,2.153339333702025e-32,Spur_WHL22.255462;Xboc_model_6095,0.0,6.8234175491495644e-12,Spur_WHL22.442792;Xboc_model_3945,4.424946187936298e-176,2.0439984651119495e-06,Spur_WHL22.289562;Xboc_model_1908,2.67301547129271e-27,4.103804715685585e-09,,,,,,,,,,,,,Spur_WHL22.139213;Xboc_model_12658,1.5836969528891085e-40,2.268507465795793e-66,Spur_WHL22.307920;Xboc_model_11004,2.4814895809703656e-13,5.031386837603455e-58
Spur_WHL22.350152;Xboc_model_1045,0.0,9.32533928215158e-22,Spur_WHL22.350152;Xboc_model_8462,0.0,0.0005886555234280603,Spur_WHL22.145103;Xboc_model_6658,2.3051684843500974e-16,6.504502180860543e-05,Spur_WHL22.652208;Xboc_model_13512,1.8061970001703074e-97,1.2065785327359145e-33,Spur_WHL22.521547;Xboc_g5180,2.4394209075380158e-05,1.5483475151198248e-153,Spur_WHL22.521653;Xboc_model_1141,1.5606180042183728e-30,1.2845821361537508e-78,Spur_WHL22.485267;Xboc_model_1908,1.0790468581279261e-47,7.44035061506603e-10,Spur_WHL22.223883;Xboc_model_7694,3.4648307646045813e-11,1.9946072160507784e-213,Spur_WHL22.4013;Xboc_model_10723,7.168552721905002e-07,9.56033745188019e-78,Spur_WHL22.503337;Xboc_model_3727,2.435552677344308e-28,1.886164486395382e-15,Spur_WHL22.666070;Xboc_model_13700,5.592346837983544e-41,7.693121204307278e-55,Spur_WHL22.765234;Xboc_model_11399,0.00011106969317587524,5.350530459886056e-38,Spur_WHL22.614724;Xboc_model_1093,1.95004170575769e-07,0.0,Spur_WHL22.289562;Xboc_model_238,1.2557098671724907e-13,1.0389984031637468e-45,Spur_WHL22.667356;Xboc_model_5473,4.976724147906666e-22,1.8983028538548782e-39,,,,Spur_WHL22.614914;Xboc_model_10039,4.821912812624532e-09,5.768697749451638e-51,Spur_WHL22.674251;Xboc_model_11759,1.4227155917526321e-119,4.784971148853643e-07,Spur_WHL22.478156;Xboc_model_1355,0.005050775569234458,0.0,Spur_WHL22.373529;Xboc_model_9949,2.1765457114930325e-05,5.792913630647039e-117,,,,Spur_WHL22.652208;Xboc_model_1355,4.951254345362969e-49,0.0,Spur_WHL22.647233;Xboc_model_7353,1.501716535836658e-67,1.3965823304734238e-44,Spur_WHL22.652208;Xboc_model_13512,0.005026824001174313,1.2065785327359145e-33,Spur_WHL22.368884;Xboc_model_510,2.5954608443326158e-05,3.39690839634945e-31,Spur_WHL22.350152;Xboc_model_8556,0.0,9.293677743020718e-26,Spur_WHL22.21762;Xboc_model_7316,2.275917017069279e-45,0.00985278027454316,,,,,,,,,,Spur_WHL22.521653;Xboc_model_3134,1.898407416651502e-11,0.0,Spur_WHL22.521547;Xboc_model_8234,1.436986992510597e-166,9.825132077760315e-07,Spur_WHL22.350152;Xboc_model_13664,0.0,4.52213927794696e-06,Spur_WHL22.459220;Xboc_model_13245,9.207438390115946e-23,0.0004985347967887057,Spur_WHL22.459220;Xboc_model_13245,9.207438390115946e-23,0.003505900504682216,,,,,,,,,,,,,Spur_WHL22.110632;Xboc_model_4774,2.244630160254364e-06,3.8405060119420285e-53,Spur_WHL22.531852;Xboc_model_3530,4.508685701705166e-25,1.493397780494471e-71
Spur_WHL22.510905;Xboc_model_8483,1.488812398209902e-17,1.484494750837138e-236,Spur_WHL22.350152;Xboc_model_6094,0.0,0.002825385610524278,Spur_WHL22.8022;Xboc_model_6658,0.006143871861134644,6.504502180860543e-05,Spur_WHL22.521535;Xboc_model_83,2.481576370809717e-07,3.126330545579267e-243,Spur_WHL22.586081;Xboc_model_13686,0.0005771910907007395,5.193608250185905e-305,Spur_WHL22.510905;Xboc_model_8483,4.3686877746802554e-10,1.484494750837138e-236,Spur_WHL22.567705;Xboc_model_4365,0.0016528647736639202,1.6687906976070422e-96,Spur_WHL22.148946;Xboc_model_1355,0.0013062705720005246,0.0,Spur_WHL22.4013;Xboc_model_3275,7.168552721905002e-07,2.0922962519175227e-124,Spur_WHL22.167437;Xboc_model_3664,3.439206573925755e-17,0.00045346221165841146,Spur_WHL22.173213;Xboc_model_8107,3.405633445332063e-54,5.120704277585867e-74,Spur_WHL22.655368;Xboc_model_1846,0.006764316371173336,1.6343387486497027e-43,Spur_WHL22.602498;Xboc_model_3478,6.432532777508026e-11,1.2756936955355156e-27,Spur_WHL22.539050;Xboc_model_6757,1.1764602222073893e-40,1.020779563046915e-123,Spur_WHL22.506110;Xboc_model_92,3.957586377134469e-20,1.5959871851133025e-38,,,,Spur_WHL22.215389;Xboc_model_1138,1.0789284145172952e-75,9.183944151315126e-15,Spur_WHL22.521653;Xboc_model_3134,4.3042983125099375e-12,0.0,Spur_WHL22.521535;Xboc_model_83,2.7358773886617256e-07,3.126330545579267e-243,Spur_WHL22.223883;Xboc_model_7694,9.480277331458563e-05,1.9946072160507784e-213,,,,Spur_WHL22.647233;Xboc_model_7353,9.22658197297445e-72,1.3965823304734238e-44,Spur_WHL22.471125;Xboc_model_3134,4.316643731985945e-08,0.0,Spur_WHL22.652208;Xboc_model_13642,0.005026824001174313,9.589828273052254e-10,Spur_WHL22.192596;Xboc_model_12110,0.0004721430801423223,1.9023237110217166e-05,Spur_WHL22.255462;Xboc_model_1045,0.0,9.32533928215158e-22,Spur_WHL22.620148;Xboc_model_12910,9.635044712049017e-06,0.00015429704646306757,,,,,,,,,,Spur_WHL22.624240;Xboc_model_7926,1.2686757334305438e-10,1.3722861096712695e-68,Spur_WHL22.731449;Xboc_model_10785,3.84852975031187e-151,1.3788785042815346e-20,Spur_WHL22.255462;Xboc_model_13664,0.0,4.52213927794696e-06,Spur_WHL22.198933;Xboc_model_5554,9.64852901843288e-97,0.0016895220513126498,Spur_WHL22.586081;Xboc_model_13686,0.0,7.076898714260874e-05,,,,,,,,,,,,,Spur_WHL22.110632;Xboc_model_11239,2.244630160254364e-06,3.4144579793424866e-15,Spur_WHL22.666070;Xboc_model_13700,1.783213299663674e-10,7.693121204307278e-55
Spur_WHL22.255462;Xboc_model_1045,0.0,9.32533928215158e-22,Spur_WHL22.255462;Xboc_model_8462,0.0,0.0005886555234280603,Spur_WHL22.128681;Xboc_model_7423,0.0005069224612998605,1.3902403303282922e-10,Spur_WHL22.373529;Xboc_model_9949,4.701032286737238e-09,5.792913630647039e-117,Spur_WHL22.682404;Xboc_model_10561,0.0005235082837646974,5.896346611244846e-09,Spur_WHL22.510905;Xboc_model_8484,4.3686877746802554e-10,0.0,Spur_WHL22.713325;Xboc_model_3275,0.0023660467765768,2.0922962519175227e-124,Spur_WHL22.652208;Xboc_model_13512,4.847860504255544e-45,1.2065785327359145e-33,Spur_WHL22.602498;Xboc_model_3478,2.396533548544374e-05,1.2756936955355156e-27,Spur_WHL22.521547;Xboc_model_10002,0.0,0.006820133031279302,Spur_WHL22.531852;Xboc_model_3530,3.4340260759251664e-52,1.493397780494471e-71,Spur_WHL22.35646;Xboc_model_1360,0.005902120254191262,6.151551079668372e-37,Spur_WHL22.233945;Xboc_model_6660,5.0688846386320884e-48,3.851834976067486e-124,Spur_WHL22.110632;Xboc_model_4774,2.708713061884191e-05,3.8405060119420285e-53,Spur_WHL22.666070;Xboc_model_13700,2.826543990843576e-07,7.693121204307278e-55,,,,Spur_WHL22.215389;Xboc_model_1045,1.0789284145172952e-75,9.32533928215158e-22,Spur_WHL22.626100;Xboc_model_13733,8.310240582966992e-08,1.5508712294895254e-52,Spur_WHL22.223883;Xboc_model_7694,1.1195157452982666e-15,1.9946072160507784e-213,Spur_WHL22.547328;Xboc_model_2562,2.0339892916069215e-30,5.542397827641006e-07,,,,Spur_WHL22.373529;Xboc_model_9949,6.873297847424532e-13,5.792913630647039e-117,Spur_WHL22.145103;Xboc_model_6655,1.3109895076692076e-09,1.7923411053392836e-214,Spur_WHL22.652208;Xboc_model_2535,0.005026824001174313,1.7205634007029072e-19,Spur_WHL22.366202;Xboc_model_9374,0.0007832065340605556,0.00021714516280386335,Spur_WHL22.350152;Xboc_model_1045,0.0,9.32533928215158e-22,Spur_WHL22.620148;Xboc_model_3803,9.635044712049017e-06,9.276416675892355e-05,,,,,,,,,,Spur_WHL22.204028;Xboc_model_1355,0.0035395981971796634,0.0,Spur_WHL22.713325;Xboc_model_8234,0.0005456707211493518,9.825132077760315e-07,Spur_WHL22.350152;Xboc_model_8462,0.0,0.0005886555234280603,Spur_WHL22.435146;Xboc_model_6292,1.271157214495777e-101,0.00425435181190253,Spur_WHL22.687173;Xboc_model_3530,7.449536547539692e-55,0.007543106967452904,,,,,,,,,,,,,Spur_WHL22.425597;Xboc_model_13733,0.0014811405109088657,1.5508712294895254e-52,Spur_WHL22.687173;Xboc_model_3530,9.369426816670773e-13,1.493397780494471e-71
Spur_WHL22.350152;Xboc_model_8556,0.0,9.293677743020718e-26,Spur_WHL22.255462;Xboc_model_6094,0.0,0.002825385610524278,Spur_WHL22.652208;Xboc_model_13642,1.8061970001703074e-97,0.0004056396620505772,Spur_WHL22.60330;Xboc_model_13760,3.7418637310222433e-31,1.916241591042777e-05,Spur_WHL22.60330;Xboc_model_9065,0.005657310540815531,1.5934260076957338e-15,Spur_WHL22.521653;Xboc_model_9965,1.5606180042183728e-30,1.3637429210934938e-16,Spur_WHL22.713325;Xboc_model_10723,0.0023660467765768,9.56033745188019e-78,Spur_WHL22.91473;Xboc_model_7694,3.517351467352837e-07,1.9946072160507784e-213,Spur_WHL22.602498;Xboc_model_3472,2.396533548544374e-05,6.698887428809847e-24,Spur_WHL22.682404;Xboc_model_10561,0.0011150884739791096,5.896346611244846e-09,Spur_WHL22.687173;Xboc_model_3530,1.1110353998601728e-28,1.493397780494471e-71,Spur_WHL22.506110;Xboc_model_92,0.00044795222186390994,1.5959871851133025e-38,Spur_WHL22.531855;Xboc_model_3275,1.3402271315204337e-24,2.0922962519175227e-124,Spur_WHL22.110632;Xboc_model_11239,2.708713061884191e-05,3.4144579793424866e-15,Spur_WHL22.420841;Xboc_model_719,8.660071322062937e-10,2.05124266411481e-34,,,,Spur_WHL22.215389;Xboc_model_2625,1.0789284145172952e-75,4.218359028920828e-08,Spur_WHL22.202707;Xboc_model_10734,1.498062575981952e-82,0.002190178099511359,Spur_WHL22.8022;Xboc_model_6655,0.004278708777269683,1.7923411053392836e-214,Spur_WHL22.91473;Xboc_model_7694,0.007641562251672046,1.9946072160507784e-213,,,,Spur_WHL22.223883;Xboc_model_7694,8.832193208782626e-14,1.9946072160507784e-213,Spur_WHL22.521535;Xboc_model_83,3.1868740996309805e-09,3.126330545579267e-243,Spur_WHL22.652208;Xboc_model_1569,0.005026824001174313,2.282364857068167e-18,,,,Spur_WHL22.521653;Xboc_model_10963,1.898407416651502e-11,3.5606324083409e-157,Spur_WHL22.620148;Xboc_model_3802,9.635044712049017e-06,0.00015345564563535138,,,,,,,,,,Spur_WHL22.327789;Xboc_model_13148,1.7357399035062617e-08,1.5815398107159149e-96,Spur_WHL22.366016;Xboc_model_237,0.00011861956447900999,2.153339333702025e-32,Spur_WHL22.255462;Xboc_model_8462,0.0,0.0005886555234280603,Spur_WHL22.589435;Xboc_model_13318,7.992176428388086e-05,2.915922487482135e-06,Spur_WHL22.366016;Xboc_model_1908,0.00011861956447900999,4.103804715685585e-09,,,,,,,,,,,,,Spur_WHL22.589435;Xboc_model_6897,0.0058116989674888,4.1087159167690446e-26,Spur_WHL22.313858;Xboc_model_3245,3.0533889453577924e-33,9.025659168069122e-30
Spur_WHL22.510905;Xboc_model_574,1.488812398209902e-17,1.5878231205511304e-88,Spur_WHL22.350152;Xboc_model_13664,0.0,4.52213927794696e-06,Spur_WHL22.148946;Xboc_model_13642,4.703515192866066e-36,0.0004056396620505772,Spur_WHL22.8022;Xboc_model_6655,0.006143871861134644,1.7923411053392836e-214,Spur_WHL22.586081;Xboc_model_10642,0.0005771910907007395,2.6447455268418946e-122,Spur_WHL22.521653;Xboc_model_3134,1.5606180042183728e-30,2.8129470163870646e-84,Spur_WHL22.713325;Xboc_model_8500,0.0023660467765768,6.228891484178966e-36,Spur_WHL22.82106;Xboc_model_9949,0.00045499486545106315,5.792913630647039e-117,Spur_WHL22.4013;Xboc_model_8500,7.168552721905002e-07,6.228891484178966e-36,Spur_WHL22.684591;Xboc_model_3664,1.304339484893411e-06,0.00045346221165841146,Spur_WHL22.506110;Xboc_model_92,1.3587643325341135e-72,1.5959871851133025e-38,Spur_WHL22.580191;Xboc_model_13262,1.53547942458325e-07,2.4542253494452223e-19,Spur_WHL22.271926;Xboc_model_8500,1.1340582377483586e-43,6.228891484178966e-36,Spur_WHL22.373529;Xboc_model_9949,0.0039545287564089135,5.792913630647039e-117,Spur_WHL22.531852;Xboc_model_3530,4.494682658206314e-12,1.493397780494471e-71,,,,Spur_WHL22.614914;Xboc_model_2157,4.821912812624532e-09,1.3112654510173574e-40,Spur_WHL22.521653;Xboc_model_765,4.3042983125099375e-12,1.520029210761e-310,Spur_WHL22.647233;Xboc_model_7353,5.4657014942696417e-14,1.3965823304734238e-44,Spur_WHL22.652208;Xboc_model_13512,6.736097117904811e-14,1.2065785327359145e-33,,,,Spur_WHL22.478156;Xboc_model_13512,5.314507717206372e-28,1.2065785327359145e-33,Spur_WHL22.478156;Xboc_model_1355,0.004471624368231659,0.0,Spur_WHL22.652208;Xboc_model_467,0.005026824001174313,7.630300053979059e-06,,,,Spur_WHL22.521653;Xboc_model_10796,1.898407416651502e-11,5.728269233798078e-253,,,,,,,,,,,,,Spur_WHL22.289562;Xboc_model_238,2.67301547129271e-27,1.0389984031637468e-45,Spur_WHL22.531855;Xboc_model_8234,1.0650071536994361e-12,9.825132077760315e-07,Spur_WHL22.350152;Xboc_model_6094,0.0,0.002825385610524278,Spur_WHL22.344717;Xboc_model_6046,1.6807537302495838e-27,0.0027572631969920466,Spur_WHL22.531852;Xboc_model_3530,8.770260296681639e-90,0.007543106967452904,,,,,,,,,,,,,Spur_WHL22.422320;Xboc_model_10534,0.00526967331848615,5.364525790297057e-28,Spur_WHL22.35646;Xboc_model_1360,3.574379266760512e-52,6.151551079668372e-37
Spur_WHL22.386245;Xboc_model_1190,1.0511974443115218e-39,9.559290128977022e-32,Spur_WHL22.255462;Xboc_model_13664,0.0,4.52213927794696e-06,Spur_WHL22.307027;Xboc_model_13642,1.4215574604906867e-07,0.0004056396620505772,Spur_WHL22.652208;Xboc_model_1569,1.8061970001703074e-97,2.282364857068167e-18,Spur_WHL22.282889;Xboc_model_1093,2.2189660669978686e-11,0.009360187706514629,Spur_WHL22.35907;Xboc_model_10963,0.007065219535393501,3.5606324083409e-157,Spur_WHL22.547328;Xboc_model_2562,0.003222198067768385,0.001863787928130152,Spur_WHL22.652208;Xboc_model_13642,4.847860504255544e-45,9.589828273052254e-10,Spur_WHL22.698770;Xboc_model_6778,1.3390240103714973e-07,6.75835248987748e-182,Spur_WHL22.167437;Xboc_model_3365,3.439206573925755e-17,0.009861246054345239,Spur_WHL22.60737;Xboc_model_8249,3.579308687515561e-72,5.555339402610785e-39,Spur_WHL22.420841;Xboc_model_719,0.009369778935441794,2.05124266411481e-34,Spur_WHL22.464775;Xboc_model_1171,8.497447644226905e-17,7.862991685456068e-05,Spur_WHL22.51238;Xboc_model_13733,1.2670369706690804e-06,1.5508712294895254e-52,Spur_WHL22.60737;Xboc_model_8249,9.612369083186444e-18,5.555339402610785e-39,,,,Spur_WHL22.215389;Xboc_model_351,1.0789284145172952e-75,3.745699791907544e-12,Spur_WHL22.580667;Xboc_model_13512,9.71064586310573e-15,1.2065785327359145e-33,Spur_WHL22.652208;Xboc_model_13512,1.388290418247171e-48,1.2065785327359145e-33,Spur_WHL22.652208;Xboc_model_2535,6.736097117904811e-14,1.7205634007029072e-19,,,,Spur_WHL22.348749;Xboc_model_10534,1.4347271613794923e-48,5.364525790297057e-28,Spur_WHL22.652208;Xboc_model_1355,3.7034240132894814e-10,0.0,Spur_WHL22.652208;Xboc_model_8173,0.005026824001174313,2.4710118100555654e-05,,,,Spur_WHL22.255462;Xboc_model_1138,0.0,9.183944151315126e-15,,,,,,,,,,,,,Spur_WHL22.368884;Xboc_model_510,1.016853962025166e-19,5.078360873846777e-116,Spur_WHL22.378664;Xboc_model_8234,3.704798745756925e-06,9.825132077760315e-07,Spur_WHL22.255462;Xboc_model_6094,0.0,0.002825385610524278,,,,Spur_WHL22.766526;Xboc_model_1908,2.5888359422088903e-05,4.103804715685585e-09,,,,,,,,,,,,,Spur_WHL22.326742;Xboc_model_2804,0.0037232398947790383,8.78558101426368e-44,Spur_WHL22.343329;Xboc_model_4701,6.192964495222558e-11,1.4170659007021752e-45
Spur_WHL22.255462;Xboc_model_8556,0.0,9.293677743020718e-26,Spur_WHL22.350152;Xboc_model_3065,0.0,0.00029093239219778167,,,,Spur_WHL22.148946;Xboc_model_13512,4.703515192866066e-36,1.2065785327359145e-33,Spur_WHL22.659635;Xboc_model_10002,2.4993933382536976e-09,0.006820133031279302,Spur_WHL22.510905;Xboc_model_574,4.3686877746802554e-10,1.5878231205511304e-88,Spur_WHL22.276038;Xboc_model_10493,0.0021340229578161777,7.551719683373042e-06,Spur_WHL22.373529;Xboc_model_9949,0.00630723479633055,5.792913630647039e-117,Spur_WHL22.602498;Xboc_model_8560,2.396533548544374e-05,6.153827615978531e-07,Spur_WHL22.167437;Xboc_model_10928,3.439206573925755e-17,0.009876235382143118,Spur_WHL22.398255;Xboc_model_9209,5.439673242310897e-53,1.254743109762908e-19,Spur_WHL22.595201;Xboc_model_10315,7.23530244790479e-11,3.562019158878157e-21,Spur_WHL22.531855;Xboc_model_10723,1.3402271315204337e-24,9.56033745188019e-78,Spur_WHL22.501363;Xboc_model_6655,0.00014541817083807478,1.7923411053392836e-214,Spur_WHL22.307920;Xboc_model_11004,0.00045341805671998025,5.031386837603455e-58,,,,Spur_WHL22.215389;Xboc_model_6690,1.0789284145172952e-75,6.432325548090881e-05,Spur_WHL22.148946;Xboc_model_13512,0.0002726829050218411,1.2065785327359145e-33,Spur_WHL22.626100;Xboc_model_13733,3.814966106966511e-06,1.5508712294895254e-52,Spur_WHL22.652208;Xboc_model_13642,6.736097117904811e-14,9.589828273052254e-10,,,,Spur_WHL22.91473;Xboc_model_7694,1.1464599109932418e-07,1.9946072160507784e-213,Spur_WHL22.612521;Xboc_model_6655,0.0025475080211801197,1.7923411053392836e-214,Spur_WHL22.652208;Xboc_model_12458,0.005026824001174313,2.5934002757905127e-05,,,,Spur_WHL22.350152;Xboc_model_1138,0.0,9.183944151315126e-15,,,,,,,,,,,,,Spur_WHL22.674251;Xboc_model_12214,3.0990165570225903e-15,7.556278739224553e-21,Spur_WHL22.659635;Xboc_g5180,6.742200109366663e-188,1.856461883721657e-07,Spur_WHL22.350152;Xboc_model_3065,0.0,0.00029093239219778167,,,,Spur_WHL22.289562;Xboc_model_13686,2.67301547129271e-27,7.076898714260874e-05,,,,,,,,,,,,,Spur_WHL22.586162;Xboc_model_610,0.0003618163147623024,3.526975074892877e-09,Spur_WHL22.435146;Xboc_model_6292,1.0668826107222745e-27,1.2262501417383304e-41
Spur_WHL22.612688;Xboc_model_6045,2.8291848290723583e-125,2.879707530315428e-19,Spur_WHL22.350152;Xboc_model_9494,0.0,6.715356470920484e-07,,,,Spur_WHL22.652208;Xboc_model_2535,1.8061970001703074e-97,1.7205634007029072e-19,Spur_WHL22.521547;Xboc_model_10002,2.4394209075380158e-05,0.006820133031279302,Spur_WHL22.35907;Xboc_model_10796,0.007065219535393501,5.728269233798078e-253,,,,Spur_WHL22.91481;Xboc_model_7694,0.005116952431506142,1.9946072160507784e-213,Spur_WHL22.602498;Xboc_model_3471,2.396533548544374e-05,2.0297186317762427e-07,Spur_WHL22.555900;Xboc_model_6016,0.002597210417603259,1.4615034475167506e-07,Spur_WHL22.313858;Xboc_model_3245,6.6923392083819e-60,9.025659168069122e-30,Spur_WHL22.445772;Xboc_model_13514,0.00010716635223556279,2.55816643638049e-25,Spur_WHL22.464775;Xboc_model_8560,8.497447644226905e-17,6.153827615978531e-07,Spur_WHL22.139213;Xboc_model_12658,3.298304363436817e-32,2.268507465795793e-66,Spur_WHL22.289562;Xboc_model_13686,1.2557098671724907e-13,1.777820242566599e-12,,,,Spur_WHL22.126611;Xboc_model_6070,4.882936191715449e-41,6.816652693570058e-07,Spur_WHL22.421157;Xboc_model_4774,3.889651286595511e-05,3.8405060119420285e-53,Spur_WHL22.417635;Xboc_model_83,7.945865891050183e-05,3.126330545579267e-243,Spur_WHL22.57146;Xboc_model_12320,0.0003714057380821523,2.09732977870344e-14,,,,Spur_WHL22.349571;Xboc_model_13060,2.2639701553665193e-15,5.186352194550093e-22,Spur_WHL22.626091;Xboc_model_13733,8.848821135302422e-08,1.5508712294895254e-52,,,,,,,Spur_WHL22.510905;Xboc_model_8484,1.6960474922625796e-07,0.0,,,,,,,,,,,,,Spur_WHL22.446899;Xboc_model_13512,3.555663194529367e-10,1.2065785327359145e-33,Spur_WHL22.659635;Xboc_model_10002,6.742200109366663e-188,0.0003293295072079502,Spur_WHL22.255462;Xboc_model_3065,0.0,0.00029093239219778167,,,,Spur_WHL22.589435;Xboc_model_13318,7.992176428388086e-05,0.0010095768905441353,,,,,,,,,,,,,Spur_WHL22.478197;Xboc_model_6897,0.009673819657008509,4.1087159167690446e-26,Spur_WHL22.655368;Xboc_model_1846,1.1511381826064043e-13,1.6343387486497027e-43
Spur_WHL22.350152;Xboc_model_1138,0.0,9.183944151315126e-15,Spur_WHL22.255462;Xboc_model_3065,0.0,0.00029093239219778167,,,,Spur_WHL22.652208;Xboc_model_13642,1.8061970001703074e-97,9.589828273052254e-10,,,,Spur_WHL22.323131;Xboc_model_10963,0.007490783658700329,3.5606324083409e-157,,,,Spur_WHL22.652208;Xboc_model_8173,4.847860504255544e-45,2.4710118100555654e-05,Spur_WHL22.602498;Xboc_model_5689,2.396533548544374e-05,6.043363759954734e-06,Spur_WHL22.139068;Xboc_model_3634,0.0008757352549348833,8.600834987196101e-05,Spur_WHL22.420841;Xboc_model_719,3.388060140641089e-49,2.05124266411481e-34,Spur_WHL22.46802;Xboc_model_11004,0.0004249499325707341,5.031386837603455e-58,Spur_WHL22.4013;Xboc_model_3275,1.0280269306328381e-32,2.0922962519175227e-124,Spur_WHL22.100800;Xboc_model_14026,2.856791845779295e-12,2.3528824094092374e-12,Spur_WHL22.720265;Xboc_model_3404,0.0003996594313650302,5.461041467575923e-56,,,,Spur_WHL22.555128;Xboc_model_130,9.727189395457704e-46,1.7281550279430218e-07,Spur_WHL22.580667;Xboc_model_1569,9.71064586310573e-15,2.282364857068167e-18,Spur_WHL22.529826;Xboc_model_685,0.006348337966342835,1.264533476072502e-68,Spur_WHL22.348749;Xboc_model_10534,0.0010425211781007828,5.364525790297057e-28,,,,Spur_WHL22.374326;Xboc_model_7525,0.003304371074371806,6.8060024648484865e-121,Spur_WHL22.471125;Xboc_model_1141,4.316643731985945e-08,5.281162222327915e-38,,,,,,,Spur_WHL22.612688;Xboc_model_6045,3.3369597012850424e-94,2.879707530315428e-19,,,,,,,,,,,,,Spur_WHL22.580667;Xboc_model_13512,1.0374760308716641e-06,1.2065785327359145e-33,Spur_WHL22.728221;Xboc_model_8234,3.983973566670374e-06,9.825132077760315e-07,Spur_WHL22.350152;Xboc_model_9494,0.0,6.715356470920484e-07,,,,Spur_WHL22.366016;Xboc_model_13686,0.00011861956447900999,7.076898714260874e-05,,,,,,,,,,,,,Spur_WHL22.72467;Xboc_model_6048,0.001210029447168681,2.071430325259672e-14,Spur_WHL22.398255;Xboc_model_9209,5.4543795232797736e-17,1.254743109762908e-19
Spur_WHL22.350152;Xboc_model_351,0.0,3.745699791907544e-12,Spur_WHL22.255462;Xboc_model_9494,0.0,6.715356470920484e-07,,,,Spur_WHL22.148946;Xboc_model_1569,4.703515192866066e-36,2.282364857068167e-18,,,,Spur_WHL22.510905;Xboc_model_573,4.3686877746802554e-10,2.4422682986140807e-17,,,,Spur_WHL22.478156;Xboc_model_13512,0.0007971749676457192,1.2065785327359145e-33,,,,Spur_WHL22.268820;Xboc_model_3664,8.76662212042949e-06,0.00045346221165841146,Spur_WHL22.35646;Xboc_model_1360,2.4019796298253027e-75,6.151551079668372e-37,Spur_WHL22.278604;Xboc_model_2173,0.005724437448341549,4.335246848991592e-15,Spur_WHL22.464775;Xboc_model_3471,8.497447644226905e-17,2.0297186317762427e-07,Spur_WHL22.760225;Xboc_model_2621,1.7220351384894863e-05,1.72474669325055e-14,Spur_WHL22.35646;Xboc_model_1360,1.3573657106121228e-27,6.151551079668372e-37,,,,Spur_WHL22.614914;Xboc_model_8556,4.821912812624532e-09,9.293677743020718e-26,Spur_WHL22.148946;Xboc_model_1569,0.0002726829050218411,2.282364857068167e-18,Spur_WHL22.652208;Xboc_model_1569,1.388290418247171e-48,2.282364857068167e-18,Spur_WHL22.652208;Xboc_model_1569,6.736097117904811e-14,2.282364857068167e-18,,,,Spur_WHL22.652208;Xboc_model_13512,4.951254345362969e-49,1.2065785327359145e-33,Spur_WHL22.373529;Xboc_model_9949,0.007473899942351134,5.792913630647039e-117,,,,,,,Spur_WHL22.255462;Xboc_model_351,0.0,3.745699791907544e-12,,,,,,,,,,,,,Spur_WHL22.519961;Xboc_model_4774,9.020903503169424e-11,3.8405060119420285e-53,Spur_WHL22.521616;Xboc_g5180,2.5558033490351054e-81,1.856461883721657e-07,Spur_WHL22.255462;Xboc_model_9494,0.0,6.715356470920484e-07,,,,Spur_WHL22.766526;Xboc_model_13686,2.5888359422088903e-05,7.076898714260874e-05,,,,,,,,,,,,,Spur_WHL22.538252;Xboc_model_11408,3.41875282530174e-09,0.003719125105582403,Spur_WHL22.506110;Xboc_model_92,6.931043873969305e-15,1.5959871851133025e-38
Spur_WHL22.350152;Xboc_model_2625,0.0,4.218359028920828e-08,Spur_WHL22.521653;Xboc_model_2665,0.0006211050180218296,4.137238688007878e-18,,,,Spur_WHL22.652208;Xboc_model_467,1.8061970001703074e-97,7.630300053979059e-06,,,,Spur_WHL22.323131;Xboc_model_10796,0.007490783658700329,5.728269233798078e-253,,,,Spur_WHL22.148946;Xboc_model_13512,0.0013062705720005246,1.2065785327359145e-33,,,,Spur_WHL22.456851;Xboc_model_3942,1.0112185117240355e-12,0.0005289963047061817,Spur_WHL22.198933;Xboc_model_5554,1.5158448498661659e-34,2.7407199083492557e-54,Spur_WHL22.733909;Xboc_model_9169,0.0004284482442338539,1.2283046346828312e-12,Spur_WHL22.602101;Xboc_model_3478,0.004086452588534101,1.2756936955355156e-27,Spur_WHL22.586081;Xboc_model_238,6.243681967593907e-09,1.0389984031637468e-45,Spur_WHL22.765234;Xboc_model_11399,3.751716135164693e-15,5.350530459886056e-38,,,,Spur_WHL22.521653;Xboc_model_10963,4.3042983125099375e-12,3.5606324083409e-157,Spur_WHL22.8481;Xboc_model_4774,4.937097154814168e-05,3.8405060119420285e-53,Spur_WHL22.652208;Xboc_model_2535,1.388290418247171e-48,1.7205634007029072e-19,Spur_WHL22.223883;Xboc_model_9052,9.480277331458563e-05,4.7808947368786704e-05,,,,Spur_WHL22.91481;Xboc_model_7694,0.00011388429306120436,1.9946072160507784e-213,Spur_WHL22.547328;Xboc_model_2562,2.1507926718034536e-24,5.542397827641006e-07,,,,,,,Spur_WHL22.350152;Xboc_model_351,0.0,3.745699791907544e-12,,,,,,,,,,,,,Spur_WHL22.159717;Xboc_model_6897,2.708496894448446e-15,4.1087159167690446e-26,Spur_WHL22.586081;Xboc_model_10642,0.0,1.569790806726383e-12,Spur_WHL22.350152;Xboc_model_7166,0.0,3.4516578820598195e-05,,,,,,,,,,,,,,,,,,,Spur_WHL22.110632;Xboc_model_11408,2.244630160254364e-06,0.003719125105582403,Spur_WHL22.60737;Xboc_model_8249,1.064152123694897e-28,5.555339402610785e-39
Spur_WHL22.255462;Xboc_model_1138,0.0,9.183944151315126e-15,Spur_WHL22.483798;Xboc_model_11063,0.00017164439491411995,8.025869241024285e-07,,,,Spur_WHL22.652208;Xboc_model_8173,1.8061970001703074e-97,2.4710118100555654e-05,,,,Spur_WHL22.35907;Xboc_model_1141,0.007065219535393501,1.2845821361537508e-78,,,,Spur_WHL22.652208;Xboc_model_2535,4.847860504255544e-45,1.7205634007029072e-19,,,,Spur_WHL22.684591;Xboc_model_3365,1.304339484893411e-06,0.009861246054345239,Spur_WHL22.655368;Xboc_model_1846,3.0817303572583507e-30,1.6343387486497027e-43,Spur_WHL22.161068;Xboc_model_8939,0.002958543411139955,1.790098929806032e-27,Spur_WHL22.32815;Xboc_model_3122,1.124493152295968e-18,3.865586587494576e-13,Spur_WHL22.347364;Xboc_model_10785,8.858726586992467e-06,3.2014922460514875e-21,Spur_WHL22.398255;Xboc_model_9209,5.520625062532353e-15,1.254743109762908e-19,,,,Spur_WHL22.521653;Xboc_model_10796,4.3042983125099375e-12,5.728269233798078e-253,Spur_WHL22.510908;Xboc_model_2861,5.816569151008933e-05,3.952891744109454e-16,Spur_WHL22.148946;Xboc_model_13512,3.1260755613280547e-07,1.2065785327359145e-33,Spur_WHL22.652208;Xboc_model_467,6.736097117904811e-14,7.630300053979059e-06,,,,Spur_WHL22.478156;Xboc_model_1569,5.314507717206372e-28,2.282364857068167e-18,Spur_WHL22.349571;Xboc_model_2527,2.9922100444177032e-33,0.004987711656325949,,,,,,,Spur_WHL22.252878;Xboc_model_6364,0.00011176877891092082,0.0,,,,,,,,,,,,,Spur_WHL22.84136;Xboc_model_7642,0.0002175169082412032,0.0,Spur_WHL22.739969;Xboc_model_6658,1.782420396870983e-21,0.00013504220705279864,Spur_WHL22.255462;Xboc_model_7166,0.0,3.4516578820598195e-05,,,,,,,,,,,,,,,,,,,Spur_WHL22.770360;Xboc_model_13760,0.0013504337939323151,1.916241591042777e-05,Spur_WHL22.420841;Xboc_model_719,4.071472773322301e-18,2.05124266411481e-34
Spur_WHL22.255462;Xboc_model_351,0.0,3.745699791907544e-12,Spur_WHL22.289562;Xboc_model_13686,3.300440058273738e-55,3.131292642190086e-07,,,,Spur_WHL22.148946;Xboc_model_2535,4.703515192866066e-36,1.7205634007029072e-19,,,,Spur_WHL22.252878;Xboc_model_6364,0.00046807095931280325,0.0,,,,Spur_WHL22.348749;Xboc_model_10534,0.00010727493574835183,5.364525790297057e-28,,,,Spur_WHL22.684591;Xboc_model_10928,1.304339484893411e-06,0.009876235382143118,Spur_WHL22.765234;Xboc_model_11399,6.812426092186562e-83,5.350530459886056e-38,Spur_WHL22.770270;Xboc_model_13269,1.6371898863776842e-10,1.4689378779229747e-22,Spur_WHL22.464775;Xboc_model_5689,8.497447644226905e-17,6.043363759954734e-06,Spur_WHL22.323968;Xboc_model_11239,0.0038515906859175105,3.4144579793424866e-15,Spur_WHL22.687173;Xboc_model_3530,0.0016071312337363423,1.493397780494471e-71,,,,Spur_WHL22.614914;Xboc_model_1045,4.821912812624532e-09,9.32533928215158e-22,Spur_WHL22.307027;Xboc_model_13512,7.015157931317471e-05,1.2065785327359145e-33,Spur_WHL22.652208;Xboc_model_8173,1.388290418247171e-48,2.4710118100555654e-05,Spur_WHL22.194915;Xboc_g3183,0.00025679937405226154,2.3313058650318956e-07,,,,Spur_WHL22.626091;Xboc_model_13733,6.316590244376633e-05,1.5508712294895254e-52,Spur_WHL22.478156;Xboc_model_13512,0.004471624368231659,1.2065785327359145e-33,,,,,,,Spur_WHL22.510905;Xboc_model_8483,1.6960474922625796e-07,1.484494750837138e-236,,,,,,,,,,,,,Spur_WHL22.366536;Xboc_model_13733,0.00023179907452168034,1.5508712294895254e-52,Spur_WHL22.619797;Xboc_model_6658,7.395213557481441e-67,0.00013504220705279864,Spur_WHL22.521653;Xboc_model_2665,1.898407416651502e-11,4.137238688007878e-18,,,,,,,,,,,,,,,,,,,Spur_WHL22.585046;Xboc_model_2881,0.0033263948240495724,0.0037469175119592547,Spur_WHL22.198933;Xboc_model_5554,3.578736193707191e-15,2.7407199083492557e-54
Spur_WHL22.255462;Xboc_model_2625,0.0,4.218359028920828e-08,Spur_WHL22.350152;Xboc_model_7166,0.0,3.4516578820598195e-05,,,,Spur_WHL22.91473;Xboc_model_7694,0.00036626469949461744,1.9946072160507784e-213,,,,Spur_WHL22.35907;Xboc_model_9965,0.007065219535393501,1.3637429210934938e-16,,,,Spur_WHL22.652208;Xboc_model_467,4.847860504255544e-45,7.630300053979059e-06,,,,Spur_WHL22.268820;Xboc_model_3365,8.76662212042949e-06,0.009861246054345239,Spur_WHL22.435146;Xboc_model_6292,2.7006455820078766e-69,1.2262501417383304e-41,Spur_WHL22.344717;Xboc_model_6046,0.0005309241712297776,3.37855864521353e-12,Spur_WHL22.4013;Xboc_model_10723,1.0280269306328381e-32,9.56033745188019e-78,Spur_WHL22.519961;Xboc_model_4774,0.002260226483298899,3.8405060119420285e-53,Spur_WHL22.278604;Xboc_model_2173,4.153822691212657e-30,4.335246848991592e-15,,,,Spur_WHL22.771108;Xboc_model_6364,4.4388737815725606e-07,0.0,Spur_WHL22.327789;Xboc_model_13148,0.0016140802647242704,1.5815398107159149e-96,Spur_WHL22.348749;Xboc_model_10534,9.974952928452108e-06,5.364525790297057e-28,Spur_WHL22.91473;Xboc_model_9052,0.007641562251672046,4.7808947368786704e-05,,,,Spur_WHL22.652208;Xboc_model_2535,4.951254345362969e-49,1.7205634007029072e-19,Spur_WHL22.652208;Xboc_model_13512,3.7034240132894814e-10,1.2065785327359145e-33,,,,,,,Spur_WHL22.255462;Xboc_model_2625,0.0,4.218359028920828e-08,,,,,,,,,,,,,Spur_WHL22.335892;Xboc_model_7142,4.698480730776906e-17,1.4673294366044867e-16,Spur_WHL22.674251;Xboc_model_3566,3.0990165570225903e-15,1.220853763475003e-06,Spur_WHL22.716842;Xboc_model_14233,1.1447857862396083e-91,7.906393778170109e-05,,,,,,,,,,,,,,,,,,,Spur_WHL22.422320;Xboc_model_12070,0.00526967331848615,0.00021701252451106635,Spur_WHL22.586081;Xboc_model_13686,1.7083811688363654e-80,1.777820242566599e-12
Spur_WHL22.510905;Xboc_model_573,1.488812398209902e-17,2.4422682986140807e-17,Spur_WHL22.483798;Xboc_model_659,0.00017164439491411995,1.2788269070548437e-05,,,,Spur_WHL22.348749;Xboc_model_10534,9.411246777766842e-08,5.364525790297057e-28,,,,Spur_WHL22.35907;Xboc_model_3134,0.007065219535393501,2.8129470163870646e-84,,,,Spur_WHL22.652208;Xboc_model_1569,4.847860504255544e-45,2.282364857068167e-18,,,,Spur_WHL22.342126;Xboc_model_9258,1.812137222004415e-05,0.008793081233490251,Spur_WHL22.278604;Xboc_model_2173,1.7512410254269842e-80,4.335246848991592e-15,Spur_WHL22.366202;Xboc_model_9374,1.794233527098615e-09,0.00021714516280386335,Spur_WHL22.531855;Xboc_model_8500,1.3402271315204337e-24,6.228891484178966e-36,Spur_WHL22.731449;Xboc_model_10785,0.0030892533960211496,3.2014922460514875e-21,Spur_WHL22.198933;Xboc_model_5554,1.0512502710040291e-05,2.7407199083492557e-54,,,,Spur_WHL22.633587;Xboc_model_6045,6.413489919448827e-05,2.879707530315428e-19,Spur_WHL22.148946;Xboc_model_2535,0.0002726829050218411,1.7205634007029072e-19,Spur_WHL22.652208;Xboc_model_13642,1.388290418247171e-48,9.589828273052254e-10,Spur_WHL22.652208;Xboc_model_8173,6.736097117904811e-14,2.4710118100555654e-05,,,,Spur_WHL22.547328;Xboc_model_2562,9.616485963815164e-42,5.542397827641006e-07,Spur_WHL22.652208;Xboc_model_2535,3.7034240132894814e-10,1.7205634007029072e-19,,,,,,,Spur_WHL22.350152;Xboc_model_2625,0.0,4.218359028920828e-08,,,,,,,,,,,,,Spur_WHL22.100800;Xboc_model_14026,1.6376858677333363e-16,2.3528824094092374e-12,Spur_WHL22.188090;Xboc_model_11826,0.0004150018687714939,8.725598189080292e-12,Spur_WHL22.368800;Xboc_model_8068,5.3810961156267445e-05,0.0002001675679076137,,,,,,,,,,,,,,,,,,,Spur_WHL22.422320;Xboc_model_4041,0.00526967331848615,0.003039832903954797,Spur_WHL22.278604;Xboc_model_2173,2.1111952161021495e-48,4.335246848991592e-15
Spur_WHL22.245681;Xboc_model_8484,0.000368872582663299,0.0,Spur_WHL22.255462;Xboc_model_7166,0.0,3.4516578820598195e-05,,,,Spur_WHL22.148946;Xboc_model_13642,4.703515192866066e-36,9.589828273052254e-10,,,,Spur_WHL22.521653;Xboc_model_765,1.5606180042183728e-30,0.004227568209025072,,,,Spur_WHL22.223883;Xboc_model_9052,3.4648307646045813e-11,4.7808947368786704e-05,,,,Spur_WHL22.268820;Xboc_model_10928,8.76662212042949e-06,0.009876235382143118,Spur_WHL22.214395;Xboc_model_9209,2.2315568608333e-22,1.254743109762908e-19,Spur_WHL22.291882;Xboc_model_12600,2.422969146295898e-08,0.004594465394812061,Spur_WHL22.602498;Xboc_model_3472,6.432532777508026e-11,6.698887428809847e-24,Spur_WHL22.110632;Xboc_model_11408,2.708713061884191e-05,0.003719125105582403,Spur_WHL22.139213;Xboc_model_12658,3.298304363436817e-32,1.395980679532088e-80,,,,Spur_WHL22.614914;Xboc_model_2625,4.821912812624532e-09,4.218359028920828e-08,Spur_WHL22.519961;Xboc_model_11408,1.1229136539392809e-54,0.003719125105582403,Spur_WHL22.478156;Xboc_model_13512,0.005050775569234458,1.2065785327359145e-33,Spur_WHL22.223883;Xboc_model_8599,9.480277331458563e-05,0.002273447294832374,,,,Spur_WHL22.293690;Xboc_model_13555,6.802674604252385e-10,7.944194327148512e-48,Spur_WHL22.119959;Xboc_model_1104,1.4768362058826249e-09,9.542468548808742e-12,,,,,,,Spur_WHL22.510905;Xboc_model_574,1.6960474922625796e-07,1.5878231205511304e-88,,,,,,,,,,,,,Spur_WHL22.446899;Xboc_model_1569,3.555663194529367e-10,2.282364857068167e-18,Spur_WHL22.347364;Xboc_model_10785,0.003876554130507265,1.3788785042815346e-20,Spur_WHL22.586081;Xboc_model_13686,0.0,3.131292642190086e-07,,,,,,,,,,,,,,,,,,,Spur_WHL22.770360;Xboc_model_5495,0.0013504337939323151,0.004601721781436439,Spur_WHL22.46802;Xboc_model_11004,0.003681376608788916,5.031386837603455e-58
Spur_WHL22.521653;Xboc_model_10963,0.0006211050180218296,3.5606324083409e-157,Spur_WHL22.148946;Xboc_model_2685,1.0651748802634299e-13,0.003928768278327908,,,,Spur_WHL22.223883;Xboc_model_9052,1.7849767364633924e-30,4.7808947368786704e-05,,,,Spur_WHL22.148946;Xboc_model_13642,9.708902157383895e-29,0.007260861795169282,,,,Spur_WHL22.652208;Xboc_model_12458,4.847860504255544e-45,2.5934002757905127e-05,,,,Spur_WHL22.700700;Xboc_model_12991,0.005823175984224412,0.004403731371752288,Spur_WHL22.445772;Xboc_model_13514,1.0945437196372962e-99,2.55816643638049e-25,,,,Spur_WHL22.4013;Xboc_model_8500,1.0280269306328381e-32,6.228891484178966e-36,Spur_WHL22.742473;Xboc_model_10785,0.007495439001439404,3.2014922460514875e-21,Spur_WHL22.435146;Xboc_model_6292,1.6334882885500956e-07,1.2262501417383304e-41,,,,Spur_WHL22.614914;Xboc_model_351,4.821912812624532e-09,3.745699791907544e-12,Spur_WHL22.72467;Xboc_model_6048,4.362181405556255e-07,2.071430325259672e-14,Spur_WHL22.652208;Xboc_model_467,1.388290418247171e-48,7.630300053979059e-06,Spur_WHL22.652208;Xboc_model_12458,6.736097117904811e-14,2.5934002757905127e-05,,,,Spur_WHL22.652208;Xboc_model_1569,4.951254345362969e-49,2.282364857068167e-18,Spur_WHL22.478156;Xboc_model_1569,0.004471624368231659,2.282364857068167e-18,,,,,,,Spur_WHL22.521653;Xboc_model_1141,1.898407416651502e-11,1.2845821361537508e-78,,,,,,,,,,,,,Spur_WHL22.521653;Xboc_model_1141,1.898407416651502e-11,5.281162222327915e-38,Spur_WHL22.459220;Xboc_model_13245,9.207438390115946e-23,0.00086077374098118,Spur_WHL22.459220;Xboc_model_13245,9.207438390115946e-23,6.815374955250951e-07,,,,,,,,,,,,,,,,,,,,,,Spur_WHL22.765234;Xboc_model_11399,5.401897636018234e-28,5.350530459886056e-38
Spur_WHL22.350152;Xboc_model_6690,0.0,6.432325548090881e-05,Spur_WHL22.580667;Xboc_model_2685,0.00011290978551992551,0.003928768278327908,,,,Spur_WHL22.307027;Xboc_model_13512,1.4215574604906867e-07,1.2065785327359145e-33,,,,Spur_WHL22.307027;Xboc_model_13642,0.0020774572164393348,0.007260861795169282,,,,Spur_WHL22.223883;Xboc_model_8599,3.4648307646045813e-11,0.002273447294832374,,,,Spur_WHL22.262913;Xboc_model_2547,2.0949512210179493e-06,0.003757092620789031,Spur_WHL22.46802;Xboc_model_11004,1.3976542548793337e-21,5.031386837603455e-58,,,,Spur_WHL22.602498;Xboc_model_8560,6.432532777508026e-11,6.153827615978531e-07,Spur_WHL22.72467;Xboc_model_6048,0.0030198759101426964,2.071430325259672e-14,Spur_WHL22.586081;Xboc_model_13686,6.243681967593907e-09,1.777820242566599e-12,,,,Spur_WHL22.421612;Xboc_model_10366,1.92119271348888e-26,5.986074525064023e-21,Spur_WHL22.521653;Xboc_model_1141,4.3042983125099375e-12,5.281162222327915e-38,Spur_WHL22.148946;Xboc_model_1569,3.1260755613280547e-07,2.282364857068167e-18,Spur_WHL22.91473;Xboc_model_8599,0.007641562251672046,0.002273447294832374,,,,Spur_WHL22.652208;Xboc_model_13642,4.951254345362969e-49,9.589828273052254e-10,Spur_WHL22.652208;Xboc_model_1569,3.7034240132894814e-10,2.282364857068167e-18,,,,,,,Spur_WHL22.255462;Xboc_model_6690,0.0,6.432325548090881e-05,,,,,,,,,,,,,Spur_WHL22.580667;Xboc_model_1569,1.0374760308716641e-06,2.282364857068167e-18,Spur_WHL22.521547;Xboc_g5180,1.436986992510597e-166,1.856461883721657e-07,Spur_WHL22.289562;Xboc_model_13686,2.67301547129271e-27,3.131292642190086e-07,,,,,,,,,,,,,,,,,,,,,,Spur_WHL22.214395;Xboc_model_9209,2.5706365721233822e-05,1.254743109762908e-19
Spur_WHL22.521653;Xboc_model_10796,0.0006211050180218296,5.728269233798078e-253,Spur_WHL22.204028;Xboc_model_2685,9.965492023924996e-08,0.003928768278327908,,,,Spur_WHL22.223883;Xboc_model_8599,1.7849767364633924e-30,0.002273447294832374,,,,Spur_WHL22.580667;Xboc_model_8346,1.5250477105884502e-09,0.0005603106068072917,,,,Spur_WHL22.148946;Xboc_model_13642,0.0013062705720005246,9.589828273052254e-10,,,,Spur_WHL22.636516;Xboc_model_14238,0.005558645820061919,0.0023482954490571936,Spur_WHL22.343329;Xboc_model_4701,8.12346310539113e-21,1.4170659007021752e-45,,,,Spur_WHL22.602101;Xboc_model_3472,0.004086452588534101,6.698887428809847e-24,Spur_WHL22.146438;Xboc_model_390,0.0021156674310485665,0.0018132365283821338,Spur_WHL22.214395;Xboc_model_9209,0.00013748555740407685,1.254743109762908e-19,,,,Spur_WHL22.521653;Xboc_model_1141,4.3042983125099375e-12,1.2845821361537508e-78,Spur_WHL22.580667;Xboc_model_467,9.71064586310573e-15,7.630300053979059e-06,Spur_WHL22.148946;Xboc_model_2535,3.1260755613280547e-07,1.7205634007029072e-19,Spur_WHL22.348749;Xboc_model_12070,0.0010425211781007828,0.00021701252451106635,,,,Spur_WHL22.512017;Xboc_model_578,9.987787485832348e-07,4.6661057190310454e-23,Spur_WHL22.57146;Xboc_model_12320,3.4434736567915814e-06,2.09732977870344e-14,,,,,,,Spur_WHL22.350152;Xboc_model_6690,0.0,6.432325548090881e-05,,,,,,,,,,,,,Spur_WHL22.739059;Xboc_model_578,3.38125199754778e-05,4.6661057190310454e-23,Spur_WHL22.742473;Xboc_model_10785,9.387852885813922e-09,1.3788785042815346e-20,Spur_WHL22.355128;Xboc_model_1496,4.9824707925362026e-17,0.0016031607772026336,,,,,,,,,,,,,,,,,,,,,,Spur_WHL22.720265;Xboc_model_3404,0.0009380067627688444,5.461041467575923e-56
Spur_WHL22.194095;Xboc_model_2157,4.412818822521622e-06,1.3112654510173574e-40,Spur_WHL22.307027;Xboc_model_2685,8.936609765899075e-08,0.003928768278327908,,,,Spur_WHL22.148946;Xboc_model_8173,4.703515192866066e-36,2.4710118100555654e-05,,,,Spur_WHL22.223883;Xboc_model_6086,0.0006798904036621742,0.00864623769360327,,,,Spur_WHL22.478156;Xboc_model_8173,0.0007971749676457192,2.4710118100555654e-05,,,,Spur_WHL22.104606;Xboc_g6333,0.0004468185571002159,2.521391941472984e-10,Spur_WHL22.139213;Xboc_model_12658,3.5810513079664585e-59,1.395980679532088e-80,,,,Spur_WHL22.602498;Xboc_model_3471,6.432532777508026e-11,2.0297186317762427e-07,Spur_WHL22.519961;Xboc_model_11408,0.002260226483298899,0.003719125105582403,Spur_WHL22.733909;Xboc_model_9169,1.0386478032303831e-08,1.2283046346828312e-12,,,,Spur_WHL22.614914;Xboc_model_6690,4.821912812624532e-09,6.432325548090881e-05,Spur_WHL22.148946;Xboc_model_13642,0.0002726829050218411,9.589828273052254e-10,Spur_WHL22.547328;Xboc_model_2562,2.868904566913214e-19,5.542397827641006e-07,,,,,,,Spur_WHL22.478156;Xboc_model_467,5.314507717206372e-28,7.630300053979059e-06,Spur_WHL22.652208;Xboc_model_13642,3.7034240132894814e-10,9.589828273052254e-10,,,,,,,Spur_WHL22.60737;Xboc_model_8249,2.898195089248887e-127,0.0024474403546040787,,,,,,,,,,,,,Spur_WHL22.589435;Xboc_model_6897,7.992176428388086e-05,4.1087159167690446e-26,Spur_WHL22.4013;Xboc_model_10002,3.147700458592726e-97,0.0003293295072079502,Spur_WHL22.580667;Xboc_model_2685,1.0374760308716641e-06,0.003928768278327908,,,,,,,,,,,,,,,,,,,,,,Spur_WHL22.139213;Xboc_model_12658,1.5836969528891085e-40,1.395980679532088e-80
Spur_WHL22.255462;Xboc_model_6690,0.0,6.432325548090881e-05,Spur_WHL22.368800;Xboc_model_8068,2.287711489613795e-16,0.0002001675679076137,,,,Spur_WHL22.119959;Xboc_model_1104,2.3106969274729296e-11,9.542468548808742e-12,,,,,,,,,,Spur_WHL22.91473;Xboc_model_9052,3.517351467352837e-07,4.7808947368786704e-05,,,,Spur_WHL22.119525;Xboc_model_826,1.450751112319346e-10,1.8287294086414868e-05,Spur_WHL22.580191;Xboc_model_13262,9.145212990552392e-48,2.4542253494452223e-19,,,,Spur_WHL22.602498;Xboc_model_5689,6.432532777508026e-11,6.043363759954734e-06,,,,Spur_WHL22.580191;Xboc_model_13262,1.0329466741775236e-09,2.4542253494452223e-19,,,,Spur_WHL22.350152;Xboc_model_10039,1.1899027804816664e-16,5.768697749451638e-51,Spur_WHL22.580667;Xboc_model_8173,9.71064586310573e-15,2.4710118100555654e-05,Spur_WHL22.223883;Xboc_model_9052,1.1195157452982666e-15,4.7808947368786704e-05,,,,,,,Spur_WHL22.478156;Xboc_model_8173,5.314507717206372e-28,2.4710118100555654e-05,Spur_WHL22.194915;Xboc_g3183,2.8023028604426874e-05,2.3313058650318956e-07,,,,,,,Spur_WHL22.35646;Xboc_model_1360,4.2682286273951055e-137,7.404246935643952e-05,,,,,,,,,,,,,Spur_WHL22.288460;Xboc_model_12571,1.4990520990422293e-30,2.855892798476644e-05,Spur_WHL22.521547;Xboc_model_10002,1.436986992510597e-166,0.0003293295072079502,Spur_WHL22.119525;Xboc_model_826,3.515473429679712e-19,2.028786030908136e-05,,,,,,,,,,,,,,,,,,,,,,Spur_WHL22.445772;Xboc_model_13514,2.193355629062458e-24,2.55816643638049e-25
Spur_WHL22.288460;Xboc_model_7642,2.221653092641277e-201,1.7192094869354313e-55,Spur_WHL22.586081;Xboc_model_13686,0.002513141190040718,3.131292642190086e-07,,,,Spur_WHL22.595492;Xboc_model_6810,0.0018901495825399848,1.1647704206162057e-39,,,,,,,,,,Spur_WHL22.91473;Xboc_model_8599,3.517351467352837e-07,0.002273447294832374,,,,,,,Spur_WHL22.595201;Xboc_model_10315,5.545535559270105e-63,3.562019158878157e-21,,,,Spur_WHL22.602101;Xboc_model_8560,0.004086452588534101,6.153827615978531e-07,,,,Spur_WHL22.445772;Xboc_model_13514,8.962257344731075e-11,2.55816643638049e-25,,,,Spur_WHL22.255462;Xboc_model_10039,9.431034315758864e-33,5.768697749451638e-51,Spur_WHL22.293690;Xboc_model_13555,4.313141422388195e-05,7.944194327148512e-48,Spur_WHL22.119959;Xboc_model_1104,0.00012222787252137149,9.542468548808742e-12,,,,,,,Spur_WHL22.57146;Xboc_model_12320,1.3723274712779708e-07,2.09732977870344e-14,Spur_WHL22.478156;Xboc_model_8173,0.004471624368231659,2.4710118100555654e-05,,,,,,,Spur_WHL22.521653;Xboc_model_3134,1.898407416651502e-11,2.8129470163870646e-84,,,,,,,,,,,,,Spur_WHL22.335751;Xboc_model_4774,1.60045120781809e-05,3.8405060119420285e-53,Spur_WHL22.291177;Xboc_model_10658,6.484508646729231e-14,6.1595226621439e-08,Spur_WHL22.446899;Xboc_model_2685,3.555663194529367e-10,0.003928768278327908,,,,,,,,,,,,,,,,,,,,,,Spur_WHL22.580191;Xboc_model_13262,2.2032132068493336e-17,2.4542253494452223e-19
Spur_WHL22.245681;Xboc_model_574,0.000368872582663299,1.5878231205511304e-88,Spur_WHL22.501363;Xboc_model_52,0.007364807029354862,5.855997431647488e-05,,,,Spur_WHL22.327789;Xboc_model_13148,0.0030906735199087557,1.5815398107159149e-96,,,,,,,,,,Spur_WHL22.148946;Xboc_model_8173,0.0013062705720005246,2.4710118100555654e-05,,,,,,,Spur_WHL22.733909;Xboc_model_9169,7.553086177562951e-80,1.2283046346828312e-12,,,,Spur_WHL22.602101;Xboc_model_3471,0.004086452588534101,2.0297186317762427e-07,,,,Spur_WHL22.100800;Xboc_model_14026,2.856791845779295e-12,1.8484602923842526e-25,,,,Spur_WHL22.418830;Xboc_model_1175,0.00047089264352283397,2.6269589438034055e-38,Spur_WHL22.148946;Xboc_model_8173,0.0002726829050218411,2.4710118100555654e-05,Spur_WHL22.148946;Xboc_model_8173,3.1260755613280547e-07,2.4710118100555654e-05,,,,,,,Spur_WHL22.652208;Xboc_model_467,4.951254345362969e-49,7.630300053979059e-06,Spur_WHL22.652208;Xboc_model_8173,3.7034240132894814e-10,2.4710118100555654e-05,,,,,,,Spur_WHL22.506110;Xboc_model_92,2.9387899444092506e-95,0.0031676913335369093,,,,,,,,,,,,,Spur_WHL22.674251;Xboc_model_11759,3.0990165570225903e-15,4.784971148853643e-07,Spur_WHL22.713325;Xboc_g5180,0.0005456707211493518,1.856461883721657e-07,Spur_WHL22.540828;Xboc_model_5791,0.00010789875938041908,0.0002600014472518391,,,,,,,,,,,,,,,,,,,,,,Spur_WHL22.289562;Xboc_model_13686,2.70762243288099e-22,1.777820242566599e-12
Spur_WHL22.147840;Xboc_model_4041,9.144992659230362e-40,5.373780247781736e-06,Spur_WHL22.678767;Xboc_model_2685,0.0011566886077940199,0.003928768278327908,,,,Spur_WHL22.307027;Xboc_model_2535,1.4215574604906867e-07,1.7205634007029072e-19,,,,,,,,,,Spur_WHL22.478156;Xboc_model_467,0.0007971749676457192,7.630300053979059e-06,,,,,,,Spur_WHL22.161068;Xboc_model_8939,1.3713215796369945e-18,1.790098929806032e-27,,,,Spur_WHL22.602101;Xboc_model_5689,0.004086452588534101,6.043363759954734e-06,,,,Spur_WHL22.595201;Xboc_model_10315,0.002378360136989929,3.562019158878157e-21,,,,Spur_WHL22.293690;Xboc_model_13555,4.313141422388195e-05,3.132500748562289e-253,Spur_WHL22.393089;Xboc_model_4774,0.001432207052181681,3.8405060119420285e-53,Spur_WHL22.675296;Xboc_model_13760,1.0281813811675735e-15,1.916241591042777e-05,,,,,,,Spur_WHL22.652208;Xboc_model_8173,4.951254345362969e-49,2.4710118100555654e-05,Spur_WHL22.478156;Xboc_model_467,0.004471624368231659,7.630300053979059e-06,,,,,,,Spur_WHL22.445263;Xboc_model_4701,8.918216456996237e-31,1.86317793944686e-08,,,,,,,,,,,,,Spur_WHL22.742473;Xboc_model_10785,9.387852885813922e-09,3.2014922460514875e-21,Spur_WHL22.289562;Xboc_model_10642,2.67301547129271e-27,1.569790806726383e-12,Spur_WHL22.204028;Xboc_model_2685,0.0035395981971796634,0.003928768278327908,,,,,,,,,,,,,,,,,,,,,,Spur_WHL22.595201;Xboc_model_10315,8.876732549998379e-23,3.562019158878157e-21
Spur_WHL22.194095;Xboc_model_8556,4.412818822521622e-06,9.293677743020718e-26,Spur_WHL22.754231;Xboc_model_2685,0.009100247808587517,0.003928768278327908,,,,Spur_WHL22.307027;Xboc_model_13642,1.4215574604906867e-07,9.589828273052254e-10,,,,,,,,,,Spur_WHL22.148946;Xboc_model_2535,0.0013062705720005246,1.7205634007029072e-19,,,,,,,Spur_WHL22.766526;Xboc_model_13686,1.203242657609628e-08,1.777820242566599e-12,,,,Spur_WHL22.694345;Xboc_model_5348,0.0035044138484073566,2.466468151020737e-69,,,,Spur_WHL22.344717;Xboc_model_6046,8.005241351836787e-14,3.37855864521353e-12,,,,Spur_WHL22.350152;Xboc_model_2157,1.1899027804816664e-16,1.3112654510173574e-40,Spur_WHL22.8481;Xboc_model_11239,4.937097154814168e-05,3.4144579793424866e-15,Spur_WHL22.478156;Xboc_model_1569,0.005050775569234458,2.282364857068167e-18,,,,,,,Spur_WHL22.194915;Xboc_g3183,4.4773214814453005e-10,2.3313058650318956e-07,Spur_WHL22.652208;Xboc_model_467,3.7034240132894814e-10,7.630300053979059e-06,,,,,,,Spur_WHL22.288460;Xboc_model_7642,1.4990520990422293e-30,1.7192094869354313e-55,,,,,,,,,,,,,Spur_WHL22.667718;Xboc_model_4463,9.603134755638776e-08,7.659593583171736e-17,Spur_WHL22.378664;Xboc_g5180,3.704798745756925e-06,1.856461883721657e-07,Spur_WHL22.766526;Xboc_model_13686,2.5888359422088903e-05,3.131292642190086e-07,,,,,,,,,,,,,,,,,,,,,,Spur_WHL22.733909;Xboc_model_9169,2.3432762836249295e-28,1.2283046346828312e-12
Spur_WHL22.521653;Xboc_model_1141,0.0006211050180218296,1.2845821361537508e-78,,,,,,,Spur_WHL22.652208;Xboc_model_12458,1.8061970001703074e-97,2.5934002757905127e-05,,,,,,,,,,Spur_WHL22.478156;Xboc_model_1569,0.0007971749676457192,2.282364857068167e-18,,,,,,,Spur_WHL22.770270;Xboc_model_13269,5.020311801762767e-33,1.4689378779229747e-22,,,,Spur_WHL22.103791;Xboc_model_5348,0.00013388345621399158,2.466468151020737e-69,,,,Spur_WHL22.445251;Xboc_model_1758,5.737754297312225e-64,0.00859851750552865,,,,Spur_WHL22.255462;Xboc_model_2157,9.431034315758864e-33,1.3112654510173574e-40,Spur_WHL22.731449;Xboc_model_10785,1.2107623934925504e-07,3.2014922460514875e-21,Spur_WHL22.148946;Xboc_model_13642,3.1260755613280547e-07,9.589828273052254e-10,,,,,,,Spur_WHL22.348749;Xboc_model_12070,1.4347271613794923e-48,0.00021701252451106635,Spur_WHL22.478156;Xboc_model_12458,0.004471624368231659,2.5934002757905127e-05,,,,,,,Spur_WHL22.521653;Xboc_model_9965,1.898407416651502e-11,1.3637429210934938e-16,,,,,,,,,,,,,Spur_WHL22.766526;Xboc_model_238,2.5888359422088903e-05,1.0389984031637468e-45,Spur_WHL22.108947;Xboc_model_11648,0.00440399771280119,4.562962294353717e-10,Spur_WHL22.366016;Xboc_model_13686,0.00011861956447900999,3.131292642190086e-07,,,,,,,,,,,,,,,,,,,,,,Spur_WHL22.344717;Xboc_model_6046,1.7499534942321985e-37,3.37855864521353e-12
Spur_WHL22.293690;Xboc_model_13555,0.0008045886502654028,3.132500748562289e-253,,,,,,,Spur_WHL22.194915;Xboc_g3183,7.486658587086546e-05,2.3313058650318956e-07,,,,,,,,,,Spur_WHL22.91481;Xboc_model_9052,0.005116952431506142,4.7808947368786704e-05,,,,,,,Spur_WHL22.736504;Xboc_model_1695,4.492431561422124e-21,2.04199455659363e-05,,,,Spur_WHL22.323968;Xboc_model_8560,0.008452993419230944,6.153827615978531e-07,,,,Spur_WHL22.291882;Xboc_model_12600,2.7805104421025343e-10,0.004594465394812061,,,,Spur_WHL22.521653;Xboc_model_3134,4.3042983125099375e-12,2.8129470163870646e-84,Spur_WHL22.307027;Xboc_model_2535,7.015157931317471e-05,1.7205634007029072e-19,Spur_WHL22.25901;Xboc_model_1104,0.0008200772416951968,9.542468548808742e-12,,,,,,,Spur_WHL22.478156;Xboc_model_12458,5.314507717206372e-28,2.5934002757905127e-05,Spur_WHL22.652208;Xboc_model_12458,3.7034240132894814e-10,2.5934002757905127e-05,,,,,,,Spur_WHL22.386245;Xboc_model_1190,1.9786381057044036e-05,9.559290128977022e-32,,,,,,,,,,,,,Spur_WHL22.204028;Xboc_model_13512,0.0035395981971796634,1.2065785327359145e-33,Spur_WHL22.766526;Xboc_model_10642,2.5888359422088903e-05,1.569790806726383e-12,,,,,,,,,,,,,,,,,,,,,,,,,Spur_WHL22.770270;Xboc_model_13269,4.3992006291437517e-13,1.4689378779229747e-22
Spur_WHL22.148654;Xboc_model_4041,1.6101362043041044e-25,5.373780247781736e-06,,,,,,,Spur_WHL22.675296;Xboc_model_13760,5.2435221813739894e-08,1.916241591042777e-05,,,,,,,,,,Spur_WHL22.478156;Xboc_model_12458,0.0007971749676457192,2.5934002757905127e-05,,,,,,,Spur_WHL22.344717;Xboc_model_6046,6.587062511261503e-44,3.37855864521353e-12,,,,Spur_WHL22.519961;Xboc_model_3472,0.002418241161611884,6.698887428809847e-24,,,,Spur_WHL22.716842;Xboc_model_14233,0.00038550849933273175,0.0008746794391860346,,,,Spur_WHL22.521653;Xboc_model_9965,4.3042983125099375e-12,1.3637429210934938e-16,Spur_WHL22.100869;Xboc_model_1187,9.562548243865102e-08,1.72795957155589e-05,Spur_WHL22.478156;Xboc_model_8173,0.005050775569234458,2.4710118100555654e-05,,,,,,,Spur_WHL22.535705;Xboc_model_9335,3.234913434164997e-06,1.5409422038130765e-11,,,,,,,,,,Spur_WHL22.510905;Xboc_model_573,1.6960474922625796e-07,2.4422682986140807e-17,,,,,,,,,,,,,Spur_WHL22.119959;Xboc_model_1104,0.0011145399549808235,9.542468548808742e-12,Spur_WHL22.326742;Xboc_model_2804,0.001612954196611216,1.0660140532562182e-11,,,,,,,,,,,,,,,,,,,,,,,,,Spur_WHL22.589435;Xboc_model_13318,0.0058116989674888,3.370968878600142e-47
Spur_WHL22.194095;Xboc_model_351,4.412818822521622e-06,3.745699791907544e-12,,,,,,,Spur_WHL22.307027;Xboc_model_8173,1.4215574604906867e-07,2.4710118100555654e-05,,,,,,,,,,Spur_WHL22.148946;Xboc_model_1569,0.0013062705720005246,2.282364857068167e-18,,,,,,,Spur_WHL22.128424;Xboc_model_3852,0.0002133996940531959,1.6340659561873633e-23,,,,Spur_WHL22.519961;Xboc_model_1171,0.002418241161611884,7.862991685456068e-05,,,,Spur_WHL22.540828;Xboc_model_5791,0.0038273731676024053,0.004325505150830335,,,,Spur_WHL22.350152;Xboc_model_8556,1.1899027804816664e-16,9.293677743020718e-26,Spur_WHL22.278154;Xboc_model_10534,0.0019924632474709455,5.364525790297057e-28,Spur_WHL22.652208;Xboc_model_12458,1.388290418247171e-48,2.5934002757905127e-05,,,,,,,Spur_WHL22.119959;Xboc_model_1104,2.896649561147734e-06,9.542468548808742e-12,,,,,,,,,,Spur_WHL22.153936;Xboc_model_10279,1.965647989882668e-21,1.9581337395644027e-06,,,,,,,,,,,,,Spur_WHL22.148654;Xboc_model_10534,2.157585462131817e-06,5.364525790297057e-28,Spur_WHL22.535603;Xboc_model_830,0.0015347835342085802,2.7486658508698932e-11,,,,,,,,,,,,,,,,,,,,,,,,,Spur_WHL22.478197;Xboc_model_13318,0.009673819657008509,3.370968878600142e-47
Spur_WHL22.365631;Xboc_g7257,0.0015271931936266794,7.453410262424843e-38,,,,,,,Spur_WHL22.547328;Xboc_model_2562,1.2026649472530339e-09,5.542397827641006e-07,,,,,,,,,,Spur_WHL22.91481;Xboc_model_8599,0.005116952431506142,0.002273447294832374,,,,,,,Spur_WHL22.589435;Xboc_model_13318,9.698590726042713e-05,3.370968878600142e-47,,,,Spur_WHL22.428397;Xboc_model_5720,0.009547652888635998,0.003075971599213579,,,,,,,,,,Spur_WHL22.255462;Xboc_model_8556,9.431034315758864e-33,9.293677743020718e-26,Spur_WHL22.307027;Xboc_model_13642,7.015157931317471e-05,9.589828273052254e-10,Spur_WHL22.223883;Xboc_model_8599,1.1195157452982666e-15,0.002273447294832374,,,,,,,Spur_WHL22.223883;Xboc_model_9052,8.832193208782626e-14,4.7808947368786704e-05,,,,,,,,,,Spur_WHL22.326742;Xboc_model_4956,0.001612954196611216,1.6702772953790595e-26,,,,,,,,,,,,,Spur_WHL22.326742;Xboc_model_2804,0.001612954196611216,8.78558101426368e-44,Spur_WHL22.728221;Xboc_g5180,3.983973566670374e-06,1.856461883721657e-07,,,,,,,,,,,,,,,,,,,,,,,,,Spur_WHL22.589435;Xboc_model_6897,0.0058116989674888,3.2526195121831026e-32
Spur_WHL22.576737;Xboc_model_6045,0.00016549816911445256,2.879707530315428e-19,,,,,,,Spur_WHL22.91473;Xboc_model_9052,0.00036626469949461744,4.7808947368786704e-05,,,,,,,,,,Spur_WHL22.348749;Xboc_model_12070,0.00010727493574835183,0.00021701252451106635,,,,,,,Spur_WHL22.119525;Xboc_model_826,1.450751112319346e-10,1.4057766359072304e-24,,,,Spur_WHL22.1900;Xboc_model_2607,6.808891910251347e-05,0.00976810057245093,,,,,,,,,,Spur_WHL22.350152;Xboc_model_1138,1.1899027804816664e-16,9.183944151315126e-15,Spur_WHL22.154262;Xboc_model_6897,0.0033173530251432836,4.1087159167690446e-26,Spur_WHL22.348749;Xboc_model_12070,9.974952928452108e-06,0.00021701252451106635,,,,,,,Spur_WHL22.349571;Xboc_model_2527,2.2639701553665193e-15,0.004987711656325949,,,,,,,,,,Spur_WHL22.521653;Xboc_model_765,1.898407416651502e-11,0.004227568209025072,,,,,,,,,,,,,Spur_WHL22.446899;Xboc_model_467,3.555663194529367e-10,7.630300053979059e-06,Spur_WHL22.366016;Xboc_model_10642,0.00011861956447900999,1.569790806726383e-12,,,,,,,,,,,,,,,,,,,,,,,,,Spur_WHL22.291882;Xboc_model_12600,2.849837629897799e-11,0.004594465394812061
Spur_WHL22.194095;Xboc_model_2625,4.412818822521622e-06,4.218359028920828e-08,,,,,,,Spur_WHL22.91473;Xboc_model_8599,0.00036626469949461744,0.002273447294832374,,,,,,,,,,,,,,,,,,,Spur_WHL22.368884;Xboc_model_510,2.502178089825098e-60,3.39690839634945e-31,,,,,,,,,,,,,,,,Spur_WHL22.350152;Xboc_model_1045,1.1899027804816664e-16,9.32533928215158e-22,Spur_WHL22.289562;Xboc_model_238,0.00041607975180968615,1.0389984031637468e-45,Spur_WHL22.478156;Xboc_model_467,0.005050775569234458,7.630300053979059e-06,,,,,,,Spur_WHL22.652208;Xboc_model_12458,4.951254345362969e-49,2.5934002757905127e-05,,,,,,,,,,Spur_WHL22.733909;Xboc_model_9169,1.3779290838798648e-83,0.008602840870097684,,,,,,,,,,,,,Spur_WHL22.580667;Xboc_model_467,1.0374760308716641e-06,7.630300053979059e-06,Spur_WHL22.268897;Xboc_model_8522,0.006610455287259682,0.0003743795656130801,,,,,,,,,,,,,,,,,,,,,,,,,Spur_WHL22.478197;Xboc_model_6897,0.009673819657008509,3.2526195121831026e-32
Spur_WHL22.521653;Xboc_model_3134,0.0006211050180218296,2.8129470163870646e-84,,,,,,,Spur_WHL22.348749;Xboc_model_12070,9.411246777766842e-08,0.00021701252451106635,,,,,,,,,,,,,,,,,,,Spur_WHL22.589435;Xboc_model_6897,9.698590726042713e-05,3.2526195121831026e-32,,,,,,,,,,,,,,,,Spur_WHL22.255462;Xboc_model_1138,9.431034315758864e-33,9.183944151315126e-15,Spur_WHL22.586081;Xboc_model_238,3.419963464319773e-14,1.0389984031637468e-45,Spur_WHL22.194915;Xboc_g3183,0.006702971644216525,2.3313058650318956e-07,,,,,,,Spur_WHL22.223883;Xboc_model_8599,8.832193208782626e-14,0.002273447294832374,,,,,,,,,,Spur_WHL22.344717;Xboc_model_6046,1.6807537302495838e-27,0.0013723264468885287,,,,,,,,,,,,,Spur_WHL22.760225;Xboc_model_2621,1.2744428162050043e-05,1.72474669325055e-14,Spur_WHL22.250276;Xboc_model_2338,6.340234024475207e-08,0.00021250270610555236,,,,,,,,,,,,,,,,,,,,,,,,,Spur_WHL22.366202;Xboc_model_9374,1.4006758323670294e-05,0.00021714516280386335
Spur_WHL22.521653;Xboc_model_9965,0.0006211050180218296,1.3637429210934938e-16,,,,,,,Spur_WHL22.128681;Xboc_model_5495,0.0005069224612998605,0.004601721781436439,,,,,,,,,,,,,,,,,,,Spur_WHL22.624240;Xboc_model_7926,8.378205993096653e-14,2.698534911897053e-11,,,,,,,,,,,,,,,,Spur_WHL22.521653;Xboc_model_765,4.3042983125099375e-12,0.004227568209025072,Spur_WHL22.307027;Xboc_model_8173,7.015157931317471e-05,2.4710118100555654e-05,Spur_WHL22.478156;Xboc_model_12458,0.005050775569234458,2.5934002757905127e-05,,,,,,,Spur_WHL22.100869;Xboc_model_1187,4.786270099456544e-07,1.72795957155589e-05,,,,,,,,,,Spur_WHL22.532435;Xboc_model_11836,5.9425949881798316e-06,2.8862514937209155e-11,,,,,,,,,,,,,Spur_WHL22.446899;Xboc_model_8173,3.555663194529367e-10,2.4710118100555654e-05,,,,,,,,,,,,,,,,,,,,,,,,,,,,,,
Spur_WHL22.630154;Xboc_model_11836,0.0005430735785047443,2.8862514937209155e-11,,,,,,,,,,,,,,,,,,,,,,,,,,,,Spur_WHL22.716842;Xboc_model_14233,9.286283305399499e-21,0.0008746794391860346,,,,,,,,,,,,,,,,Spur_WHL22.255462;Xboc_model_1045,9.431034315758864e-33,9.32533928215158e-22,Spur_WHL22.580667;Xboc_model_12458,9.71064586310573e-15,2.5934002757905127e-05,,,,,,,,,,Spur_WHL22.91473;Xboc_model_9052,1.1464599109932418e-07,4.7808947368786704e-05,,,,,,,,,,Spur_WHL22.580667;Xboc_model_8346,1.0374760308716641e-06,0.0005603106068072917,,,,,,,,,,,,,Spur_WHL22.366016;Xboc_model_238,0.00011861956447900999,1.0389984031637468e-45,,,,,,,,,,,,,,,,,,,,,,,,,,,,,,
Spur_WHL22.307027;Xboc_model_13642,8.936609765899075e-08,0.007260861795169282,,,,,,,,,,,,,,,,,,,,,,,,,,,,Spur_WHL22.366202;Xboc_model_9374,2.225807255642914e-48,0.00021714516280386335,,,,,,,,,,,,,,,,Spur_WHL22.129324;Xboc_model_7045,3.582565428713705e-09,1.7168869410455915e-06,Spur_WHL22.326623;Xboc_model_10534,0.005104044234327822,5.364525790297057e-28,,,,,,,,,,Spur_WHL22.91473;Xboc_model_8599,1.1464599109932418e-07,0.002273447294832374,,,,,,,,,,Spur_WHL22.84136;Xboc_model_7642,0.0002175169082412032,1.7192094869354313e-55,,,,,,,,,,,,,Spur_WHL22.250276;Xboc_model_2338,6.340234024475207e-08,2.7847822444963172e-14,,,,,,,,,,,,,,,,,,,,,,,,,,,,,,
Spur_WHL22.153936;Xboc_model_10279,6.56385079516064e-05,1.9581337395644027e-06,,,,,,,,,,,,,,,,,,,,,,,,,,,,Spur_WHL22.291882;Xboc_model_12600,9.693935982334752e-28,0.004594465394812061,,,,,,,,,,,,,,,,Spur_WHL22.350152;Xboc_model_2625,1.1899027804816664e-16,4.218359028920828e-08,Spur_WHL22.393089;Xboc_model_11239,0.001432207052181681,3.4144579793424866e-15,,,,,,,,,,Spur_WHL22.91481;Xboc_model_9052,0.00011388429306120436,4.7808947368786704e-05,,,,,,,,,,Spur_WHL22.446899;Xboc_model_8346,3.555663194529367e-10,0.0005603106068072917,,,,,,,,,,,,,Spur_WHL22.41223;Xboc_model_4774,0.008053038575099928,3.8405060119420285e-53,,,,,,,,,,,,,,,,,,,,,,,,,,,,,,
Spur_WHL22.148946;Xboc_model_13642,1.0651748802634299e-13,0.007260861795169282,,,,,,,,,,,,,,,,,,,,,,,,,,,,Spur_WHL22.446899;Xboc_model_8346,3.7283350547371063e-13,0.00886988120017439,,,,,,,,,,,,,,,,Spur_WHL22.255462;Xboc_model_2625,9.431034315758864e-33,4.218359028920828e-08,Spur_WHL22.377347;Xboc_model_4774,0.007119456529665539,3.8405060119420285e-53,,,,,,,,,,Spur_WHL22.91481;Xboc_model_8599,0.00011388429306120436,0.002273447294832374,,,,,,,,,,Spur_WHL22.148654;Xboc_model_4041,2.157585462131817e-06,5.373780247781736e-06,,,,,,,,,,,,,Spur_WHL22.446899;Xboc_model_12458,3.555663194529367e-10,2.5934002757905127e-05,,,,,,,,,,,,,,,,,,,,,,,,,,,,,,
Spur_WHL22.532435;Xboc_model_11836,0.00477362899041824,2.8862514937209155e-11,,,,,,,,,,,,,,,,,,,,,,,,,,,,Spur_WHL22.538298;Xboc_model_10493,0.00019195129231130357,2.7234128726566902e-05,,,,,,,,,,,,,,,,Spur_WHL22.580667;Xboc_model_8346,9.71064586310573e-15,0.0005603106068072917,Spur_WHL22.159717;Xboc_model_6897,0.009711447120165468,4.1087159167690446e-26,,,,,,,,,,Spur_WHL22.744314;Xboc_model_4041,0.003936950412864937,0.003039832903954797,,,,,,,,,,Spur_WHL22.454782;Xboc_model_2110,6.166832739432768e-05,0.00016044001136674105,,,,,,,,,,,,,Spur_WHL22.580667;Xboc_model_8173,1.0374760308716641e-06,2.4710118100555654e-05,,,,,,,,,,,,,,,,,,,,,,,,,,,,,,
Spur_WHL22.521653;Xboc_model_765,0.0006211050180218296,0.004227568209025072,,,,,,,,,,,,,,,,,,,,,,,,,,,,,,,,,,,,,,,,,,,,,,Spur_WHL22.350152;Xboc_model_351,1.1899027804816664e-16,3.745699791907544e-12,Spur_WHL22.421157;Xboc_model_11408,3.889651286595511e-05,0.003719125105582403,,,,,,,,,,Spur_WHL22.744314;Xboc_model_12070,0.003936950412864937,0.00021701252451106635,,,,,,,,,,Spur_WHL22.588684;Xboc_model_12651,5.9272847140886354e-05,3.608294529253197e-05,,,,,,,,,,,,,Spur_WHL22.347364;Xboc_model_10785,0.003876554130507265,3.2014922460514875e-21,,,,,,,,,,,,,,,,,,,,,,,,,,,,,,
Spur_WHL22.204028;Xboc_model_8346,9.965492023924996e-08,0.0005603106068072917,,,,,,,,,,,,,,,,,,,,,,,,,,,,,,,,,,,,,,,,,,,,,,Spur_WHL22.255462;Xboc_model_351,9.431034315758864e-33,3.745699791907544e-12,Spur_WHL22.376193;Xboc_model_3150,2.294954796692417e-08,0.005309394539815211,,,,,,,,,,,,,,,,,,,,,,Spur_WHL22.325318;Xboc_model_9374,0.0004065300970340351,0.0013717160783153295,,,,,,,,,,,,,Spur_WHL22.580667;Xboc_model_12458,1.0374760308716641e-06,2.5934002757905127e-05,,,,,,,,,,,,,,,,,,,,,,,,,,,,,,
Spur_WHL22.214916;Xboc_model_7642,0.004859579049725925,1.7192094869354313e-55,,,,,,,,,,,,,,,,,,,,,,,,,,,,,,,,,,,,,,,,,,,,,,Spur_WHL22.148946;Xboc_model_13642,0.0002726829050218411,0.007260861795169282,Spur_WHL22.8481;Xboc_model_11408,4.937097154814168e-05,0.003719125105582403,,,,,,,,,,,,,,,,,,,,,,Spur_WHL22.659393;Xboc_model_10279,0.001412594082673259,1.9581337395644027e-06,,,,,,,,,,,,,Spur_WHL22.453617;Xboc_model_13060,0.0009742928061553612,5.186352194550093e-22,,,,,,,,,,,,,,,,,,,,,,,,,,,,,,
Spur_WHL22.1900;Xboc_model_2607,2.577379490594006e-13,0.0019445082460639732,,,,,,,,,,,,,,,,,,,,,,,,,,,,,,,,,,,,,,,,,,,,,,Spur_WHL22.350152;Xboc_model_6690,1.1899027804816664e-16,6.432325548090881e-05,Spur_WHL22.278154;Xboc_model_12070,0.0019924632474709455,0.00021701252451106635,,,,,,,,,,,,,,,,,,,,,,Spur_WHL22.204028;Xboc_model_8346,0.0035395981971796634,0.0005603106068072917,,,,,,,,,,,,,Spur_WHL22.204028;Xboc_model_1569,0.0035395981971796634,2.282364857068167e-18,,,,,,,,,,,,,,,,,,,,,,,,,,,,,,
Spur_WHL22.77493;Xboc_model_4041,0.007011504722205739,5.373780247781736e-06,,,,,,,,,,,,,,,,,,,,,,,,,,,,,,,,,,,,,,,,,,,,,,Spur_WHL22.255462;Xboc_model_6690,9.431034315758864e-33,6.432325548090881e-05,Spur_WHL22.278154;Xboc_model_4041,0.0019924632474709455,0.003039832903954797,,,,,,,,,,,,,,,,,,,,,,Spur_WHL22.227277;Xboc_model_2607,0.0016761046689655063,0.0019445082460639732,,,,,,,,,,,,,Spur_WHL22.72467;Xboc_model_6048,8.428337414390384e-07,2.071430325259672e-14,,,,,,,,,,,,,,,,,,,,,,,,,,,,,,
Spur_WHL22.227277;Xboc_model_2607,9.684541852010256e-06,0.0019445082460639732,,,,,,,,,,,,,,,,,,,,,,,,,,,,,,,,,,,,,,,,,,,,,,Spur_WHL22.307027;Xboc_model_13642,7.015157931317471e-05,0.007260861795169282,Spur_WHL22.585046;Xboc_model_2881,0.0005371548614770302,0.0037469175119592547,,,,,,,,,,,,,,,,,,,,,,,,,,,,,,,,,,,,,Spur_WHL22.89710;Xboc_model_13060,0.008953096169472458,5.186352194550093e-22,,,,,,,,,,,,,,,,,,,,,,,,,,,,,,
Spur_WHL22.580667;Xboc_model_8346,0.00011290978551992551,0.0005603106068072917,,,,,,,,,,,,,,,,,,,,,,,,,,,,,,,,,,,,,,,,,,,,,,Spur_WHL22.248472;Xboc_model_5121,1.8492002091006003e-05,0.00019818529710766697,Spur_WHL22.326623;Xboc_model_12070,0.005104044234327822,0.00021701252451106635,,,,,,,,,,,,,,,,,,,,,,,,,,,,,,,,,,,,,Spur_WHL22.204028;Xboc_model_467,0.0035395981971796634,7.630300053979059e-06,,,,,,,,,,,,,,,,,,,,,,,,,,,,,,
Spur_WHL22.754231;Xboc_model_8346,0.009100247808587517,0.0005603106068072917,,,,,,,,,,,,,,,,,,,,,,,,,,,,,,,,,,,,,,,,,,,,,,Spur_WHL22.659393;Xboc_model_10279,0.0004245335972677002,1.9581337395644027e-06,Spur_WHL22.326623;Xboc_model_4041,0.005104044234327822,0.003039832903954797,,,,,,,,,,,,,,,,,,,,,,,,,,,,,,,,,,,,,Spur_WHL22.519961;Xboc_model_11408,9.020903503169424e-11,0.003719125105582403,,,,,,,,,,,,,,,,,,,,,,,,,,,,,,
,,,,,,,,,,,,,,,,,,,,,,,,,,,,,,,,,,,,,,,,,,,,,,,,Spur_WHL22.229209;Xboc_model_972,0.004960277701008074,0.005619536006175119,Spur_WHL22.393089;Xboc_model_11408,0.001432207052181681,0.003719125105582403,,,,,,,,,,,,,,,,,,,,,,,,,,,,,,,,,,,,,Spur_WHL22.84136;Xboc_model_12571,0.0002175169082412032,2.855892798476644e-05,,,,,,,,,,,,,,,,,,,,,,,,,,,,,,
,,,,,,,,,,,,,,,,,,,,,,,,,,,,,,,,,,,,,,,,,,,,,,,,Spur_WHL22.278154;Xboc_model_4041,0.0019924632474709455,5.373780247781736e-06,Spur_WHL22.126531;Xboc_model_10767,0.0015629119020174078,0.006706891768154081,,,,,,,,,,,,,,,,,,,,,,,,,,,,,,,,,,,,,Spur_WHL22.204028;Xboc_model_8173,0.0035395981971796634,2.4710118100555654e-05,,,,,,,,,,,,,,,,,,,,,,,,,,,,,,
,,,,,,,,,,,,,,,,,,,,,,,,,,,,,,,,,,,,,,,,,,,,,,,,Spur_WHL22.326623;Xboc_model_4041,0.005104044234327822,5.373780247781736e-06,Spur_WHL22.17652;Xboc_model_11408,0.0014369998322691536,0.003719125105582403,,,,,,,,,,,,,,,,,,,,,,,,,,,,,,,,,,,,,Spur_WHL22.204028;Xboc_model_12458,0.0035395981971796634,2.5934002757905127e-05,,,,,,,,,,,,,,,,,,,,,,,,,,,,,,
,,,,,,,,,,,,,,,,,,,,,,,,,,,,,,,,,,,,,,,,,,,,,,,,,,,Spur_WHL22.377347;Xboc_model_11408,0.007119456529665539,0.003719125105582403,,,,,,,,,,,,,,,,,,,,,,,,,,,,,,,,,,,,,Spur_WHL22.25901;Xboc_model_1104,0.005211316035811843,9.542468548808742e-12,,,,,,,,,,,,,,,,,,,,,,,,,,,,,,
,,,,,,,,,,,,,,,,,,,,,,,,,,,,,,,,,,,,,,,,,,,,,,,,,,,,,,,,,,,,,,,,,,,,,,,,,,,,,,,,,,,,,,,,,,Spur_WHL22.148654;Xboc_model_4041,2.157585462131817e-06,0.003039832903954797,,,,,,,,,,,,,,,,,,,,,,,,,,,,,,
,,,,,,,,,,,,,,,,,,,,,,,,,,,,,,,,,,,,,,,,,,,,,,,,,,,,,,,,,,,,,,,,,,,,,,,,,,,,,,,,,,,,,,,,,,Spur_WHL22.148654;Xboc_model_12070,2.157585462131817e-06,0.00021701252451106635,,,,,,,,,,,,,,,,,,,,,,,,,,,,,,
,,,,,,,,,,,,,,,,,,,,,,,,,,,,,,,,,,,,,,,,,,,,,,,,,,,,,,,,,,,,,,,,,,,,,,,,,,,,,,,,,,,,,,,,,,Spur_WHL22.268897;Xboc_model_8522,0.006610455287259682,1.9584971616032846e-07,,,,,,,,,,,,,,,,,,,,,,,,,,,,,,
,,,,,,,,,,,,,,,,,,,,,,,,,,,,,,,,,,,,,,,,,,,,,,,,,,,,,,,,,,,,,,,,,,,,,,,,,,,,,,,,,,,,,,,,,,Spur_WHL22.259626;Xboc_model_2527,1.7469759751863258e-06,0.004987711656325949,,,,,,,,,,,,,,,,,,,,,,,,,,,,,,
,,,,,,,,,,,,,,,,,,,,,,,,,,,,,,,,,,,,,,,,,,,,,,,,,,,,,,,,,,,,,,,,,,,,,,,,,,,,,,,,,,,,,,,,,,Spur_WHL22.770360;Xboc_model_13760,0.001725547736109372,1.916241591042777e-05,,,,,,,,,,,,,,,,,,,,,,,,,,,,,,
,,,,,,,,,,,,,,,,,,,,,,,,,,,,,,,,,,,,,,,,,,,,,,,,,,,,,,,,,,,,,,,,,,,,,,,,,,,,,,,,,,,,,,,,,,Spur_WHL22.453617;Xboc_model_2527,0.0009742928061553612,0.004987711656325949,,,,,,,,,,,,,,,,,,,,,,,,,,,,,,
,,,,,,,,,,,,,,,,,,,,,,,,,,,,,,,,,,,,,,,,,,,,,,,,,,,,,,,,,,,,,,,,,,,,,,,,,,,,,,,,,,,,,,,,,,Spur_WHL22.335751;Xboc_model_11408,1.60045120781809e-05,0.003719125105582403,,,,,,,,,,,,,,,,,,,,,,,,,,,,,,
,,,,,,,,,,,,,,,,,,,,,,,,,,,,,,,,,,,,,,,,,,,,,,,,,,,,,,,,,,,,,,,,,,,,,,,,,,,,,,,,,,,,,,,,,,Spur_WHL22.588684;Xboc_model_1152,5.9272847140886354e-05,0.0009705970229073985,,,,,,,,,,,,,,,,,,,,,,,,,,,,,,
,,,,,,,,,,,,,,,,,,,,,,,,,,,,,,,,,,,,,,,,,,,,,,,,,,,,,,,,,,,,,,,,,,,,,,,,,,,,,,,,,,,,,,,,,,Spur_WHL22.146438;Xboc_model_390,0.00010601624845775172,0.0018132365283821338,,,,,,,,,,,,,,,,,,,,,,,,,,,,,,
,,,,,,,,,,,,,,,,,,,,,,,,,,,,,,,,,,,,,,,,,,,,,,,,,,,,,,,,,,,,,,,,,,,,,,,,,,,,,,,,,,,,,,,,,,Spur_WHL22.770360;Xboc_model_5495,0.001725547736109372,0.004601721781436439,,,,,,,,,,,,,,,,,,,,,,,,,,,,,,
,,,,,,,,,,,,,,,,,,,,,,,,,,,,,,,,,,,,,,,,,,,,,,,,,,,,,,,,,,,,,,,,,,,,,,,,,,,,,,,,,,,,,,,,,,Spur_WHL22.89710;Xboc_model_2527,0.008953096169472458,0.004987711656325949,,,,,,,,,,,,,,,,,,,,,,,,,,,,,,
,,,,,,,,,,,,,,,,,,,,,,,,,,,,,,,,,,,,,,,,,,,,,,,,,,,,,,,,,,,,,,,,,,,,,,,,,,,,,,,,,,,,,,,,,,Spur_WHL22.41223;Xboc_model_11408,0.008053038575099928,0.003719125105582403,,,,,,,,,,,,,,,,,,,,,,,,,,,,,,
