Nvec_cnidocyte;Xboc_SECRETORY_EPITHELIIUM_3,Nvec_cnidocyte;Xboc_SECRETORY_EPITHELIIUM_3_pval1,Nvec_cnidocyte;Xboc_SECRETORY_EPITHELIIUM_3_pval2,Nvec_cnidocyte;Xboc_SECRETORY_EPITHELIIUM_4,Nvec_cnidocyte;Xboc_SECRETORY_EPITHELIIUM_4_pval1,Nvec_cnidocyte;Xboc_SECRETORY_EPITHELIIUM_4_pval2,Nvec_digestive_filaments;Xboc_GUT,Nvec_digestive_filaments;Xboc_GUT_pval1,Nvec_digestive_filaments;Xboc_GUT_pval2,Nvec_epidermis;Xboc_GUT,Nvec_epidermis;Xboc_GUT_pval1,Nvec_epidermis;Xboc_GUT_pval2,Nvec_gastrodermis;Xboc_EPIDERMIS,Nvec_gastrodermis;Xboc_EPIDERMIS_pval1,Nvec_gastrodermis;Xboc_EPIDERMIS_pval2,Nvec_gastrodermis;Xboc_GUT,Nvec_gastrodermis;Xboc_GUT_pval1,Nvec_gastrodermis;Xboc_GUT_pval2,Nvec_gastrodermis;Xboc_MUSCLE,Nvec_gastrodermis;Xboc_MUSCLE_pval1,Nvec_gastrodermis;Xboc_MUSCLE_pval2,Nvec_gland;Xboc_GLAND1,Nvec_gland;Xboc_GLAND1_pval1,Nvec_gland;Xboc_GLAND1_pval2,Nvec_gland;Xboc_GLAND3,Nvec_gland;Xboc_GLAND3_pval1,Nvec_gland;Xboc_GLAND3_pval2,Nvec_gland;Xboc_GLAND4,Nvec_gland;Xboc_GLAND4_pval1,Nvec_gland;Xboc_GLAND4_pval2,Nvec_gland;Xboc_SECRETORY_EPITHELIIUM_1,Nvec_gland;Xboc_SECRETORY_EPITHELIIUM_1_pval1,Nvec_gland;Xboc_SECRETORY_EPITHELIIUM_1_pval2,Nvec_muscle;Xboc_MUSCLE,Nvec_muscle;Xboc_MUSCLE_pval1,Nvec_muscle;Xboc_MUSCLE_pval2,Nvec_nan;Xboc_EPIDERMIS,Nvec_nan;Xboc_EPIDERMIS_pval1,Nvec_nan;Xboc_EPIDERMIS_pval2,Nvec_nan;Xboc_MUSCLE,Nvec_nan;Xboc_MUSCLE_pval1,Nvec_nan;Xboc_MUSCLE_pval2,Nvec_nan;Xboc_unk5,Nvec_nan;Xboc_unk5_pval1,Nvec_nan;Xboc_unk5_pval2,Nvec_nan;Xboc_unk6,Nvec_nan;Xboc_unk6_pval1,Nvec_nan;Xboc_unk6_pval2,Nvec_nan;Xboc_unk7,Nvec_nan;Xboc_unk7_pval1,Nvec_nan;Xboc_unk7_pval2,Nvec_neuron;Xboc_CILIATED_CELLS,Nvec_neuron;Xboc_CILIATED_CELLS_pval1,Nvec_neuron;Xboc_CILIATED_CELLS_pval2,Nvec_neuron;Xboc_EXCRETORY,Nvec_neuron;Xboc_EXCRETORY_pval1,Nvec_neuron;Xboc_EXCRETORY_pval2,Nvec_neuron;Xboc_GLAND2,Nvec_neuron;Xboc_GLAND2_pval1,Nvec_neuron;Xboc_GLAND2_pval2,Nvec_neuron;Xboc_MUSCLE-LIKE,Nvec_neuron;Xboc_MUSCLE-LIKE_pval1,Nvec_neuron;Xboc_MUSCLE-LIKE_pval2,Nvec_neuron;Xboc_NEURON,Nvec_neuron;Xboc_NEURON_pval1,Nvec_neuron;Xboc_NEURON_pval2,Nvec_neuron;Xboc_PHARYNGEAL,Nvec_neuron;Xboc_PHARYNGEAL_pval1,Nvec_neuron;Xboc_PHARYNGEAL_pval2,Nvec_neuron;Xboc_PIGMENT,Nvec_neuron;Xboc_PIGMENT_pval1,Nvec_neuron;Xboc_PIGMENT_pval2,Nvec_neuron;Xboc_unk1,Nvec_neuron;Xboc_unk1_pval1,Nvec_neuron;Xboc_unk1_pval2,Nvec_neuron;Xboc_unk3,Nvec_neuron;Xboc_unk3_pval1,Nvec_neuron;Xboc_unk3_pval2,Nvec_neuron;Xboc_unk4,Nvec_neuron;Xboc_unk4_pval1,Nvec_neuron;Xboc_unk4_pval2,Nvec_neuron;Xboc_unk8,Nvec_neuron;Xboc_unk8_pval1,Nvec_neuron;Xboc_unk8_pval2,Nvec_precursors;Xboc_SECRETORY_EPITHELIIUM_4,Nvec_precursors;Xboc_SECRETORY_EPITHELIIUM_4_pval1,Nvec_precursors;Xboc_SECRETORY_EPITHELIIUM_4_pval2,Nvec_precursors;Xboc_unk2,Nvec_precursors;Xboc_unk2_pval1,Nvec_precursors;Xboc_unk2_pval2,Nvec_precursors;Xboc_unk9,Nvec_precursors;Xboc_unk9_pval1,Nvec_precursors;Xboc_unk9_pval2
Nvec_v1g215113;Xboc_model_7522,5.602160001417354e-35,9.020724251693432e-84,Nvec_v1g215113;Xboc_model_7522,5.602160001417354e-35,2.0026094591664416e-68,Nvec_v1g241341;Xboc_model_6655,4.8347004626744977e-26,1.7923411053392836e-214,Nvec_v1g237037;Xboc_model_6655,3.0091773845184577e-31,1.7923411053392836e-214,Nvec_v1g237552;Xboc_model_13555,0.0,3.132500748562289e-253,Nvec_v1g188243;Xboc_model_7642,0.0,0.0,Nvec_v1g200103;Xboc_model_6438,0.0,0.0,Nvec_v1g216683;Xboc_model_12147,1.6421749833447465e-07,1.8341626405470728e-37,Nvec_v1g236044;Xboc_model_10806,1.6173787458022837e-13,5.584796502395294e-12,Nvec_v1g14580;Xboc_model_6479,0.0004230093016871953,1.7974555520231027e-14,Nvec_v1g203270;Xboc_model_8813,6.278825000881977e-35,8.228680221844527e-36,Nvec_v1g184228;Xboc_model_10723,4.3591168111049394e-157,9.56033745188019e-78,Nvec_v1g84136;Xboc_model_8484,3.9490704772939907e-84,0.0,Nvec_v1g163008;Xboc_model_3275,5.82574547454721e-27,2.0922962519175227e-124,Nvec_v1g196785;Xboc_model_9000,3.4579545784520966e-06,4.0760341064825125e-81,Nvec_v1g107027;Xboc_model_5145,2.169072223307065e-05,2.213041622415842e-19,Nvec_v1g107027;Xboc_model_5145,2.169072223307065e-05,3.6705770691064e-138,Nvec_v1g186216;Xboc_model_13686,1.9299798843573959e-233,5.193608250185905e-305,Nvec_v1g79192;Xboc_model_9195,2.115405996953564e-60,4.763245499205196e-14,,,,Nvec_v1g99928;Xboc_model_953,2.7733489131848664e-32,0.007036035441362188,Nvec_v1g129977;Xboc_model_5793,7.595745251267325e-102,1.0414973812247196e-07,Nvec_v1g186216;Xboc_model_237,1.9299798843573959e-233,2.153339333702025e-32,Nvec_v1g233307;Xboc_model_52,0.0,5.855997431647488e-05,Nvec_v1g79192;Xboc_model_305,2.115405996953564e-60,3.3113388548624244e-05,Nvec_v1g85009;Xboc_model_339,0.0013752468387488524,0.008857181736840561,,,,,,,Nvec_v1g169568;Xboc_model_10493,6.728449161333883e-38,0.0003175042536493426,Nvec_v1g195152;Xboc_model_1535,9.618284711529597e-77,0.006422405376838966,Nvec_v1g160310;Xboc_model_4516,4.933394220502838e-101,5.414738393826383e-90
Nvec_v1g118978;Xboc_model_9799,2.0251522535031506e-05,0.0007642527842685958,Nvec_v1g215113;Xboc_model_7526,5.602160001417354e-35,0.0035734966012850988,Nvec_v1g247215;Xboc_model_12658,2.1024147753306055e-82,2.268507465795793e-66,Nvec_v1g242065;Xboc_model_7642,5.713796100921108e-57,0.0,Nvec_v1g175341;Xboc_model_13555,0.0,3.132500748562289e-253,Nvec_v1g237552;Xboc_model_13555,0.0,7.944194327148512e-48,Nvec_NVE1757;Xboc_model_6778,3.2041335954492455e-282,6.75835248987748e-182,Nvec_v1g129650;Xboc_model_12147,2.3943353457150503e-06,1.8341626405470728e-37,Nvec_v1g229125;Xboc_model_10806,8.240855463373271e-05,5.584796502395294e-12,Nvec_v1g14580;Xboc_model_9798,0.0004230093016871953,3.6820556347395716e-06,Nvec_v1g203270;Xboc_model_8812,6.278825000881977e-35,3.5711495196009656e-05,Nvec_v1g203298;Xboc_model_6438,4.572880014000591e-157,0.0,Nvec_v1g84136;Xboc_model_8483,3.9490704772939907e-84,1.484494750837138e-236,Nvec_v1g200105;Xboc_model_6438,7.010116649170019e-14,0.0,Nvec_NVE10051;Xboc_model_5841,3.4218747947316827e-16,7.177385915103523e-35,Nvec_NVE10051;Xboc_model_5145,3.4218747947316827e-16,2.213041622415842e-19,Nvec_NVE10051;Xboc_model_5145,3.4218747947316827e-16,3.6705770691064e-138,Nvec_v1g235000;Xboc_model_13686,1.77569971051572e-133,5.193608250185905e-305,Nvec_v1g233307;Xboc_model_6658,0.0,6.504502180860543e-05,,,,Nvec_v1g85009;Xboc_model_339,0.0013752468387488524,1.5859480463237184e-05,Nvec_v1g136185;Xboc_model_3304,9.1235498916519e-17,4.1439197092583465e-29,Nvec_v1g235000;Xboc_model_237,1.77569971051572e-133,2.153339333702025e-32,Nvec_v1g186216;Xboc_model_13686,1.9299798843573959e-233,3.131292642190086e-07,Nvec_v1g186216;Xboc_model_10642,1.9299798843573959e-233,5.652783432465999e-06,,,,,,,,,,Nvec_v1g195152;Xboc_model_1535,9.618284711529597e-77,0.004903059349698431,,,,Nvec_NVE45;Xboc_model_13700,2.921307971327908e-73,7.693121204307278e-55
Nvec_v1g215113;Xboc_model_7526,5.602160001417354e-35,0.0031689060310340056,Nvec_v1g118540;Xboc_model_6792,3.707994612925162e-05,7.50208664784693e-40,Nvec_v1g238389;Xboc_model_8014,7.335505739726295e-15,0.0,Nvec_v1g241341;Xboc_model_6655,1.882581705996929e-09,1.7923411053392836e-214,Nvec_v1g84136;Xboc_model_8484,2.150133071296552e-160,0.0,Nvec_v1g175341;Xboc_model_13555,0.0,7.944194327148512e-48,Nvec_v1g200105;Xboc_model_6438,2.6683790003977105e-87,0.0,Nvec_v1g83864;Xboc_model_3810,5.57051106700528e-07,5.093817802238794e-35,Nvec_v1g236044;Xboc_model_8980,1.6173787458022837e-13,4.809109685550454e-13,Nvec_v1g14580;Xboc_model_8081,0.0004230093016871953,0.0001609848302475863,Nvec_v1g233307;Xboc_model_52,0.00320161017164027,0.002530050215654093,Nvec_v1g214299;Xboc_model_6778,1.6932568664187338e-202,6.75835248987748e-182,Nvec_v1g139511;Xboc_model_8309,3.6941820790184955e-153,1.390456962820312e-50,Nvec_v1g177611;Xboc_model_3275,6.835230351020194e-33,2.0922962519175227e-124,Nvec_v1g241327;Xboc_model_5841,0.00023252952409667048,7.177385915103523e-35,Nvec_v1g241327;Xboc_model_5145,0.00023252952409667048,2.213041622415842e-19,Nvec_v1g107027;Xboc_model_5119,2.169072223307065e-05,1.1219672384668237e-32,Nvec_v1g186216;Xboc_model_10642,1.9299798843573959e-233,2.6447455268418946e-122,Nvec_v1g102784;Xboc_model_11082,1.750043729036745e-53,0.00033586471221056045,,,,,,,Nvec_v1g186216;Xboc_model_10642,1.9299798843573959e-233,9.364716822518466e-24,Nvec_v1g215658;Xboc_model_275,0.0013792064062698155,1.2853911280056522e-51,Nvec_v1g235000;Xboc_model_13686,1.77569971051572e-133,3.131292642190086e-07,Nvec_v1g235000;Xboc_model_10642,1.77569971051572e-133,5.652783432465999e-06,,,,,,,,,,Nvec_v1g236625;Xboc_model_13318,2.2717578068247597e-29,0.0010095768905441353,,,,Nvec_NVE18622;Xboc_model_3404,2.067881284920423e-26,5.461041467575923e-56
Nvec_v1g118540;Xboc_model_6792,3.707994612925162e-05,2.6589355498444146e-21,Nvec_v1g117546;Xboc_model_6792,0.0061514431076725995,7.50208664784693e-40,Nvec_v1g132059;Xboc_model_6121,7.674164840290739e-111,0.0010804426515776012,Nvec_v1g79785;Xboc_model_13733,2.2400424868786053e-07,1.5508712294895254e-52,Nvec_v1g84136;Xboc_model_8483,2.150133071296552e-160,1.484494750837138e-236,Nvec_v1g170371;Xboc_model_7525,5.229949344492092e-91,6.8060024648484865e-121,Nvec_v1g247005;Xboc_model_3275,1.6015885164664787e-120,2.0922962519175227e-124,Nvec_v1g83864;Xboc_model_3298,5.57051106700528e-07,1.4726508432856957e-12,Nvec_v1g229125;Xboc_model_8980,8.240855463373271e-05,4.809109685550454e-13,Nvec_v1g14580;Xboc_model_12863,0.0004230093016871953,3.942930113411987e-05,Nvec_v1g118540;Xboc_model_6792,2.5593921671576353e-32,3.14135083628211e-07,Nvec_v1g184228;Xboc_model_3275,4.3591168111049394e-157,2.0922962519175227e-124,Nvec_v1g84136;Xboc_model_574,3.9490704772939907e-84,1.5878231205511304e-88,Nvec_v1g200103;Xboc_model_6438,1.5421167244004092e-15,0.0,,,,Nvec_v1g170371;Xboc_model_7525,5.0988440637663415e-25,0.000889155560352159,Nvec_NVE10051;Xboc_model_5119,3.4218747947316827e-16,1.1219672384668237e-32,Nvec_v1g167737;Xboc_model_13686,1.5114379588673244e-40,5.193608250185905e-305,Nvec_v1g165235;Xboc_model_7423,6.299253705413742e-101,1.3902403303282922e-10,,,,,,,Nvec_v1g136167;Xboc_model_3304,1.3349025016514864e-13,4.1439197092583465e-29,Nvec_v1g167737;Xboc_model_237,1.5114379588673244e-40,2.153339333702025e-32,Nvec_v1g167737;Xboc_model_13686,1.5114379588673244e-40,3.131292642190086e-07,Nvec_v1g167737;Xboc_model_10642,1.5114379588673244e-40,5.652783432465999e-06,,,,,,,,,,Nvec_v1g162182;Xboc_model_9285,1.2118562193826984e-41,3.13492949459717e-05,,,,Nvec_v1g244349;Xboc_model_3070,6.001823718081475e-29,2.4890359867151267e-67
Nvec_v1g117546;Xboc_model_6792,0.0061514431076725995,2.6589355498444146e-21,Nvec_v1g235000;Xboc_model_13686,0.0014771544196586044,7.076898714260874e-05,Nvec_v1g234207;Xboc_model_6757,0.0004714458290870664,1.020779563046915e-123,Nvec_v1g247215;Xboc_model_12658,1.0311485481054836e-30,2.268507465795793e-66,Nvec_v1g84136;Xboc_model_574,2.150133071296552e-160,1.5878231205511304e-88,Nvec_v1g191860;Xboc_model_765,4.860764933665832e-45,1.520029210761e-310,Nvec_v1g88915;Xboc_model_6438,1.6218581385447814e-46,0.0,Nvec_v1g83864;Xboc_model_3312,5.57051106700528e-07,7.820818334740014e-13,Nvec_v1g25829;Xboc_model_10806,2.8633403110751537e-05,5.584796502395294e-12,Nvec_v1g105779;Xboc_model_3161,4.6745460784266255e-06,0.00018009362050623443,,,,Nvec_v1g60683;Xboc_model_1093,1.6669013786425127e-146,0.0,Nvec_v1g175341;Xboc_model_13555,3.883901302610283e-201,3.132500748562289e-253,Nvec_v1g204742;Xboc_model_10848,3.4690832937621686e-52,8.157482045033553e-35,,,,Nvec_v1g180651;Xboc_model_3134,1.9640798237320555e-19,0.00010041875420066027,Nvec_v1g241327;Xboc_model_5145,0.00023252952409667048,3.6705770691064e-138,Nvec_v1g118944;Xboc_model_13686,7.587618476859803e-26,5.193608250185905e-305,Nvec_v1g99928;Xboc_model_953,2.7733489131848664e-32,2.0937039970543547e-05,,,,,,,Nvec_v1g86996;Xboc_model_5049,4.064344231393181e-29,1.7967131497022398e-10,Nvec_v1g118944;Xboc_model_237,7.587618476859803e-26,2.153339333702025e-32,Nvec_v1g202466;Xboc_model_13686,0.000502252781314579,3.131292642190086e-07,Nvec_v1g233307;Xboc_model_52,0.0,0.005648714092548459,,,,,,,,,,Nvec_v1g188999;Xboc_model_72,6.469228114262823e-14,0.0034701403133765444,,,,Nvec_v1g171532;Xboc_model_37,1.6210224975242386e-63,4.044561143751728e-89
,,,,,,Nvec_v1g139511;Xboc_model_8308,3.1994277959495766e-51,2.2875597493663364e-31,Nvec_v1g123507;Xboc_model_3134,0.0033831932527154233,0.0,Nvec_v1g191860;Xboc_model_10963,4.860764933665832e-45,3.5606324083409e-157,Nvec_v1g180651;Xboc_model_765,1.5379432198338144e-50,1.520029210761e-310,Nvec_v1g204742;Xboc_model_10848,1.8815487244740494e-195,8.157482045033553e-35,Nvec_v1g236044;Xboc_model_3810,1.6173787458022837e-13,5.093817802238794e-35,Nvec_v1g124772;Xboc_model_10806,2.499068980273192e-06,5.584796502395294e-12,Nvec_v1g236044;Xboc_model_3161,1.6173787458022837e-13,0.00018009362050623443,,,,Nvec_v1g160634;Xboc_model_8500,3.7177815063567867e-230,6.228891484178966e-36,Nvec_v1g139511;Xboc_model_8308,3.6941820790184955e-153,3.520860501313564e-25,Nvec_v1g163008;Xboc_model_10723,5.82574547454721e-27,9.56033745188019e-78,,,,Nvec_v1g957;Xboc_model_7525,0.002911653853957751,0.000889155560352159,Nvec_v1g241327;Xboc_model_5119,0.00023252952409667048,1.1219672384668237e-32,Nvec_v1g233307;Xboc_model_3829,0.0,6.356734853940524e-21,Nvec_v1g179195;Xboc_model_11082,0.0008958285626657049,0.00033586471221056045,,,,,,,Nvec_v1g242883;Xboc_model_3304,1.0955030035107807e-09,4.1439197092583465e-29,Nvec_v1g247501;Xboc_model_6781,5.877986492992199e-05,9.906184220758422e-50,Nvec_v1g118944;Xboc_model_13686,7.587618476859803e-26,3.131292642190086e-07,Nvec_v1g186216;Xboc_model_13686,1.9299798843573959e-233,0.00041802001758554816,,,,,,,,,,Nvec_v1g242621;Xboc_model_3530,5.954608585870395e-62,0.007543106967452904,,,,Nvec_v1g236919;Xboc_model_14064,7.907169807136938e-58,4.4543175711923875e-52
,,,,,,Nvec_NVE2001;Xboc_model_1104,1.614561749909113e-10,9.542468548808742e-12,Nvec_v1g123507;Xboc_model_765,0.0033831932527154233,1.520029210761e-310,Nvec_v1g180651;Xboc_model_10963,1.5379432198338144e-50,3.5606324083409e-157,Nvec_v1g191860;Xboc_model_3134,4.860764933665832e-45,0.0,Nvec_v1g200103;Xboc_model_3122,0.0,3.865586587494576e-13,Nvec_v1g124772;Xboc_model_3810,2.499068980273192e-06,5.093817802238794e-35,Nvec_v1g124772;Xboc_model_8980,2.499068980273192e-06,4.809109685550454e-13,Nvec_v1g85345;Xboc_model_3161,0.00017790410775928906,0.00018009362050623443,,,,Nvec_v1g209417;Xboc_model_10723,7.003679672068427e-29,9.56033745188019e-78,Nvec_v1g237552;Xboc_model_13555,4.106748495714953e-143,3.132500748562289e-253,Nvec_v1g80945;Xboc_model_10848,6.394526927328525e-21,8.157482045033553e-35,,,,Nvec_v1g191860;Xboc_model_3134,2.0594939503600988e-08,0.00010041875420066027,Nvec_v1g85854;Xboc_model_8245,0.00042058544586864974,0.003964801049970239,Nvec_v1g235000;Xboc_model_10642,1.77569971051572e-133,2.6447455268418946e-122,,,,,,,,,,Nvec_v1g97106;Xboc_model_3304,1.606386943316861e-05,4.1439197092583465e-29,Nvec_v1g202466;Xboc_model_237,0.000502252781314579,2.153339333702025e-32,Nvec_v1g189983;Xboc_model_2685,1.3157220721466003e-07,0.003928768278327908,Nvec_v1g235000;Xboc_model_13686,1.77569971051572e-133,0.00041802001758554816,,,,,,,,,,Nvec_v1g237586;Xboc_model_7526,0.0036856236773528278,0.0035734966012850988,,,,Nvec_v1g188032;Xboc_model_9201,5.239268428784572e-77,2.873818575373909e-45
,,,,,,Nvec_v1g188243;Xboc_model_7642,5.449018910978035e-45,0.0,Nvec_v1g160811;Xboc_model_8014,0.005884159620950979,0.0,Nvec_v1g191860;Xboc_model_10796,4.860764933665832e-45,5.728269233798078e-253,Nvec_v1g180651;Xboc_model_3134,1.5379432198338144e-50,0.0,Nvec_v1g247005;Xboc_model_10723,1.6015885164664787e-120,9.56033745188019e-78,Nvec_v1g124911;Xboc_model_3810,7.044215679154291e-06,5.093817802238794e-35,Nvec_v1g199428;Xboc_model_10806,8.995965831470935e-10,5.584796502395294e-12,Nvec_v1g88668;Xboc_model_6479,0.0005407150547515106,1.7974555520231027e-14,,,,Nvec_v1g160631;Xboc_model_10723,1.1995639082237008e-33,9.56033745188019e-78,Nvec_v1g180651;Xboc_model_10963,1.9640798237320555e-19,3.5606324083409e-157,Nvec_v1g177611;Xboc_model_10723,6.835230351020194e-33,9.56033745188019e-78,,,,Nvec_v1g190019;Xboc_model_3134,0.00031778501885912217,0.00010041875420066027,,,,Nvec_v1g240187;Xboc_g5180,4.415534066217857e-12,1.5483475151198248e-153,,,,,,,,,,Nvec_v1g82385;Xboc_model_6058,2.8927033123036985e-53,5.4311937591113555e-05,Nvec_v1g186200;Xboc_model_237,0.006920110128879609,2.153339333702025e-32,Nvec_v1g186200;Xboc_model_13686,0.006920110128879609,3.131292642190086e-07,Nvec_v1g234521;Xboc_model_10642,1.1527435814449788e-08,5.652783432465999e-06,,,,,,,,,,Nvec_v1g189003;Xboc_model_72,9.015286649114204e-08,0.0034701403133765444,,,,Nvec_v1g244934;Xboc_model_4028,2.7063780734536972e-86,5.702176167767609e-47
,,,,,,Nvec_v1g100834;Xboc_model_4774,0.0005929902317744221,3.8405060119420285e-53,Nvec_v1g178546;Xboc_model_7142,3.9923373897382894e-05,1.4673294366044867e-16,Nvec_v1g180651;Xboc_model_10796,1.5379432198338144e-50,5.728269233798078e-253,Nvec_v1g210933;Xboc_model_7642,6.815125173642041e-56,0.0,Nvec_v1g237239;Xboc_model_2740,5.28443984253834e-136,6.0573793334722285e-99,Nvec_v1g88668;Xboc_model_1952,0.0005407150547515106,8.200519800041098e-76,Nvec_v1g199428;Xboc_model_8980,8.995965831470935e-10,4.809109685550454e-13,Nvec_v1g15302;Xboc_model_9798,2.1389202991831074e-09,3.6820556347395716e-06,,,,Nvec_v1g93924;Xboc_model_1093,8.191736880620848e-25,0.0,Nvec_v1g180651;Xboc_model_10796,1.9640798237320555e-19,5.728269233798078e-253,Nvec_v1g184625;Xboc_model_10848,1.0243712090792832e-10,8.157482045033553e-35,,,,Nvec_v1g241341;Xboc_model_6655,0.00013778498338890758,7.161303973526272e-05,,,,Nvec_v1g186200;Xboc_model_13686,0.006920110128879609,5.193608250185905e-305,,,,,,,,,,Nvec_v1g235000;Xboc_model_10642,1.77569971051572e-133,9.364716822518466e-24,Nvec_v1g234521;Xboc_model_237,1.1527435814449788e-08,2.153339333702025e-32,Nvec_v1g234521;Xboc_model_13686,1.1527435814449788e-08,3.131292642190086e-07,Nvec_v1g118944;Xboc_model_10642,7.587618476859803e-26,5.652783432465999e-06,,,,,,,,,,Nvec_v1g235000;Xboc_model_13686,0.008104448365192031,7.076898714260874e-05,,,,Nvec_v1g195152;Xboc_model_1535,9.618284711529597e-77,9.415860657455926e-91
,,,,,,Nvec_v1g80818;Xboc_model_4774,0.0057005198479418194,3.8405060119420285e-53,Nvec_v1g177729;Xboc_model_2562,9.103917065213987e-08,5.542397827641006e-07,Nvec_NVE25571;Xboc_model_13555,3.8459627077408335e-172,3.132500748562289e-253,Nvec_v1g234207;Xboc_model_6757,1.921637089960753e-102,1.020779563046915e-123,Nvec_v1g200105;Xboc_model_3122,2.6683790003977105e-87,3.865586587494576e-13,Nvec_v1g15302;Xboc_model_1952,2.1389202991831074e-09,8.200519800041098e-76,Nvec_v1g124911;Xboc_model_10806,7.044215679154291e-06,5.584796502395294e-12,Nvec_v1g26281;Xboc_model_3161,8.407865493662903e-07,0.00018009362050623443,,,,Nvec_v1g209417;Xboc_model_3275,7.003679672068427e-29,2.0922962519175227e-124,Nvec_NVE10051;Xboc_model_1190,3.4218747947316827e-16,9.559290128977022e-32,Nvec_v1g80763;Xboc_model_3478,3.748360053533953e-08,1.2756936955355156e-27,,,,Nvec_v1g188243;Xboc_model_7642,5.204916997787078e-109,4.498260200078454e-05,,,,Nvec_v1g239788;Xboc_g5180,1.9179862547491084e-05,1.5483475151198248e-153,,,,,,,,,,Nvec_v1g244693;Xboc_model_13653,5.355477205257826e-10,0.0006255911969282046,Nvec_v1g239788;Xboc_model_8234,1.9179862547491084e-05,9.825132077760315e-07,Nvec_v1g215658;Xboc_model_275,0.0013792064062698155,4.382878155570642e-06,Nvec_v1g167737;Xboc_model_13686,1.5114379588673244e-40,0.00041802001758554816,,,,,,,,,,,,,,,,Nvec_v1g159364;Xboc_model_3404,8.502972231221358e-81,5.461041467575923e-56
,,,,,,Nvec_v1g239511;Xboc_model_510,1.6217045983346253e-07,5.078360873846777e-116,Nvec_v1g120496;Xboc_model_11239,6.245576161088075e-05,3.4144579793424866e-15,Nvec_v1g84136;Xboc_model_573,2.150133071296552e-160,2.4422682986140807e-17,Nvec_v1g27606;Xboc_g7257,1.2482855134021159e-20,1.2687898734726135e-205,Nvec_v1g80945;Xboc_model_10848,8.305910784009362e-69,8.157482045033553e-35,Nvec_v1g199428;Xboc_model_3810,8.995965831470935e-10,5.093817802238794e-35,Nvec_v1g124911;Xboc_model_8980,7.044215679154291e-06,4.809109685550454e-13,Nvec_v1g88668;Xboc_model_9798,0.0005407150547515106,3.6820556347395716e-06,,,,Nvec_v1g237239;Xboc_model_2740,3.555400461947283e-173,6.0573793334722285e-99,Nvec_v1g132059;Xboc_model_6121,9.271194609404265e-111,1.0846321711102391e-131,Nvec_v1g88915;Xboc_model_6438,0.0014090753970623787,0.0,,,,Nvec_v1g210933;Xboc_model_7642,1.7210033913438432e-15,4.498260200078454e-05,,,,Nvec_v1g167737;Xboc_model_10642,1.5114379588673244e-40,2.6447455268418946e-122,,,,,,,,,,Nvec_v1g186216;Xboc_model_13686,1.9299798843573959e-233,4.0785853822522106e-13,Nvec_v1g213429;Xboc_model_237,0.001552586759646738,2.153339333702025e-32,Nvec_v1g213429;Xboc_model_13686,0.001552586759646738,3.131292642190086e-07,Nvec_v1g234521;Xboc_model_13686,1.1527435814449788e-08,0.00041802001758554816,,,,,,,,,,,,,,,,Nvec_v1g179973;Xboc_model_5473,1.4948064145276434e-54,1.8983028538548782e-39
,,,,,,Nvec_v1g244590;Xboc_model_238,1.0815394289436772e-07,1.0389984031637468e-45,Nvec_v1g132059;Xboc_model_6121,6.332051877621144e-20,0.0010804426515776012,Nvec_v1g175347;Xboc_model_13555,2.0025404681152266e-30,3.132500748562289e-253,Nvec_v1g123507;Xboc_model_765,1.869502149865673e-15,1.520029210761e-310,Nvec_v1g177611;Xboc_model_3275,1.7685208841758597e-16,2.0922962519175227e-124,Nvec_v1g83864;Xboc_model_12910,5.57051106700528e-07,0.00015429704646306757,Nvec_v1g140545;Xboc_model_10806,0.0005814044364887051,5.584796502395294e-12,Nvec_v1g124911;Xboc_model_3161,7.044215679154291e-06,0.00018009362050623443,,,,Nvec_v1g216465;Xboc_model_10723,8.777527870772146e-11,9.56033745188019e-78,Nvec_v1g191860;Xboc_model_10963,2.0594939503600988e-08,3.5606324083409e-157,Nvec_v1g240903;Xboc_model_10848,1.0979383196259367e-09,8.157482045033553e-35,,,,Nvec_v1g238389;Xboc_model_8014,4.854078928886628e-26,0.0006827172543725349,,,,Nvec_v1g118944;Xboc_model_10642,7.587618476859803e-26,2.6447455268418946e-122,,,,,,,,,,Nvec_v1g99757;Xboc_model_3304,0.0006275589454875141,4.1439197092583465e-29,Nvec_v1g174;Xboc_model_9743,0.0003170539232050812,7.75594168416388e-10,,,,Nvec_v1g118944;Xboc_model_13686,7.587618476859803e-26,0.00041802001758554816,,,,,,,,,,,,,,,,Nvec_v1g85854;Xboc_model_8245,8.834960933788893e-68,9.795349166145978e-55
,,,,,,Nvec_v1g178546;Xboc_model_7142,5.133833415390785e-10,1.4673294366044867e-16,Nvec_v1g247614;Xboc_model_13733,0.0018595763751474296,1.5508712294895254e-52,Nvec_v1g191860;Xboc_model_1141,4.860764933665832e-45,1.2845821361537508e-78,Nvec_v1g191860;Xboc_model_1141,4.860764933665832e-45,5.281162222327915e-38,Nvec_v1g214299;Xboc_model_6778,2.869944722017188e-37,6.75835248987748e-182,Nvec_v1g83864;Xboc_model_10349,5.57051106700528e-07,2.3742704574553795e-06,Nvec_v1g108942;Xboc_model_10806,3.446126213377277e-05,5.584796502395294e-12,Nvec_v1g199428;Xboc_model_3161,8.995965831470935e-10,0.00018009362050623443,,,,Nvec_v1g80686;Xboc_model_3478,1.2299995621225112e-47,1.2756936955355156e-27,Nvec_v1g84136;Xboc_model_573,3.9490704772939907e-84,2.4422682986140807e-17,Nvec_v1g204742;Xboc_model_7560,3.4690832937621686e-52,3.177446054949731e-08,,,,Nvec_NVE9113;Xboc_model_7642,0.004181153475176742,4.498260200078454e-05,,,,Nvec_v1g234521;Xboc_model_13686,1.1527435814449788e-08,5.193608250185905e-305,,,,,,,,,,Nvec_v1g52556;Xboc_model_3804,3.877387959525923e-05,7.106181746440043e-06,Nvec_v1g166469;Xboc_model_11648,2.027792427816395e-13,4.562962294353717e-10,,,,Nvec_v1g186200;Xboc_model_10642,0.006920110128879609,5.652783432465999e-06,,,,,,,,,,,,,,,,Nvec_v1g178799;Xboc_model_3945,9.82080556744997e-63,1.2153669423615745e-87
,,,,,,Nvec_v1g248463;Xboc_model_685,0.0030653885277626388,1.264533476072502e-68,Nvec_v1g243859;Xboc_model_13512,0.0045793904492642335,1.2065785327359145e-33,Nvec_v1g180651;Xboc_model_1141,1.5379432198338144e-50,1.2845821361537508e-78,Nvec_NVE25571;Xboc_model_13555,3.8459627077408335e-172,7.944194327148512e-48,Nvec_v1g184625;Xboc_model_10848,1.1713706027709757e-41,8.157482045033553e-35,Nvec_v1g236044;Xboc_model_3298,1.6173787458022837e-13,1.4726508432856957e-12,Nvec_v1g140545;Xboc_model_8980,0.0005814044364887051,4.809109685550454e-13,Nvec_v1g229125;Xboc_model_3161,8.240855463373271e-05,0.00018009362050623443,,,,Nvec_v1g209417;Xboc_model_8500,7.003679672068427e-29,6.228891484178966e-36,Nvec_v1g191860;Xboc_model_10796,2.0594939503600988e-08,5.728269233798078e-253,Nvec_v1g205652;Xboc_model_7560,7.816905549113309e-53,3.177446054949731e-08,,,,Nvec_v1g248018;Xboc_g7257,0.005783995851168875,0.005007413895130616,,,,Nvec_v1g213429;Xboc_model_13686,0.001552586759646738,5.193608250185905e-305,,,,,,,,,,Nvec_v1g230646;Xboc_model_11914,2.488087785561931e-25,0.00011025795603268662,Nvec_v1g233307;Xboc_model_6658,0.0,0.00013504220705279864,,,,Nvec_v1g213429;Xboc_model_10642,0.001552586759646738,5.652783432465999e-06,,,,,,,,,,,,,,,,Nvec_v1g234893;Xboc_model_5181,9.336989391220875e-72,2.5222282466873118e-39
,,,,,,Nvec_v1g194342;Xboc_model_7926,0.00015456020333635978,1.3722861096712695e-68,Nvec_v1g243859;Xboc_model_2535,0.0045793904492642335,1.7205634007029072e-19,Nvec_v1g123507;Xboc_model_10963,1.869502149865673e-15,3.5606324083409e-157,Nvec_v1g180651;Xboc_model_1141,1.5379432198338144e-50,5.281162222327915e-38,Nvec_v1g177989;Xboc_model_10848,3.323611466665494e-35,8.157482045033553e-35,Nvec_v1g83864;Xboc_model_3802,5.57051106700528e-07,0.00015345564563535138,Nvec_v1g108942;Xboc_model_8980,3.446126213377277e-05,4.809109685550454e-13,Nvec_v1g124772;Xboc_model_3161,2.499068980273192e-06,0.00018009362050623443,,,,Nvec_v1g160631;Xboc_model_8500,1.1995639082237008e-33,6.228891484178966e-36,Nvec_v1g175347;Xboc_model_13555,1.315352626897513e-12,3.132500748562289e-253,Nvec_v1g247005;Xboc_model_3275,0.0010290374864979253,2.0922962519175227e-124,,,,Nvec_v1g27606;Xboc_g7257,4.688877286058277e-12,0.005007413895130616,,,,Nvec_v1g202466;Xboc_model_13686,0.000502252781314579,5.193608250185905e-305,,,,,,,,,,Nvec_v1g124568;Xboc_model_10569,4.104827727042673e-44,0.008213390117313221,Nvec_v1g186216;Xboc_model_10642,1.9299798843573959e-233,1.569790806726383e-12,,,,Nvec_v1g186200;Xboc_model_13686,0.006920110128879609,0.00041802001758554816,,,,,,,,,,,,,,,,Nvec_v1g162224;Xboc_model_12999,3.875265335519566e-54,7.28453589179822e-72
,,,,,,Nvec_v1g210933;Xboc_model_7642,3.095391091259995e-05,0.0,Nvec_v1g192646;Xboc_model_4664,6.6238380782117916e-06,0.00014209721254334639,Nvec_v1g123507;Xboc_model_10796,1.869502149865673e-15,5.728269233798078e-253,Nvec_v1g123507;Xboc_model_3134,1.869502149865673e-15,0.0,Nvec_v1g247005;Xboc_model_8500,1.6015885164664787e-120,6.228891484178966e-36,Nvec_v1g229125;Xboc_model_3810,8.240855463373271e-05,5.093817802238794e-35,Nvec_v1g2158;Xboc_model_10806,0.0004062323548681199,5.584796502395294e-12,Nvec_v1g2158;Xboc_model_3161,0.0004062323548681199,0.00018009362050623443,,,,Nvec_v1g4553;Xboc_model_1093,3.6331904734679047e-06,0.0,Nvec_v1g107027;Xboc_model_1190,2.169072223307065e-05,9.559290128977022e-32,Nvec_NVE1757;Xboc_model_6778,0.0003637330507113868,6.75835248987748e-182,,,,Nvec_v1g160811;Xboc_model_8014,1.399455976530867e-31,0.0006827172543725349,,,,Nvec_v1g233307;Xboc_model_6658,0.0,7.001907461039411e-07,,,,,,,,,,Nvec_v1g167737;Xboc_model_10642,1.5114379588673244e-40,9.364716822518466e-24,Nvec_v1g235000;Xboc_model_10642,1.77569971051572e-133,1.569790806726383e-12,,,,Nvec_v1g213429;Xboc_model_13686,0.001552586759646738,0.00041802001758554816,,,,,,,,,,,,,,,,Nvec_v1g177191;Xboc_model_1360,8.918408207402107e-69,6.151551079668372e-37
,,,,,,Nvec_NVE9113;Xboc_model_7642,0.005095895297177311,0.0,Nvec_v1g243859;Xboc_model_13642,0.0045793904492642335,9.589828273052254e-10,Nvec_v1g200103;Xboc_model_6377,0.0,2.8714304411662327e-06,Nvec_v1g236117;Xboc_model_13148,8.29933572507442e-16,1.5815398107159149e-96,Nvec_v1g132315;Xboc_model_6778,2.0823152528366513e-26,6.75835248987748e-182,Nvec_v1g85345;Xboc_model_3810,0.00017790410775928906,5.093817802238794e-35,Nvec_v1g2158;Xboc_model_8980,0.0004062323548681199,4.809109685550454e-13,Nvec_v1g83864;Xboc_model_3161,5.57051106700528e-07,0.00018009362050623443,,,,Nvec_v1g216465;Xboc_model_3275,8.777527870772146e-11,2.0922962519175227e-124,Nvec_v1g180651;Xboc_model_1141,1.9640798237320555e-19,1.2845821361537508e-78,Nvec_v1g60683;Xboc_model_1093,1.541009161141926e-05,0.0,,,,,,,,,,Nvec_v1g186200;Xboc_model_10642,0.006920110128879609,2.6447455268418946e-122,,,,,,,,,,Nvec_v1g235000;Xboc_model_13686,1.77569971051572e-133,4.0785853822522106e-13,Nvec_v1g242883;Xboc_model_11648,1.0955030035107807e-09,4.562962294353717e-10,,,,Nvec_v1g202466;Xboc_model_10642,0.000502252781314579,5.652783432465999e-06,,,,,,,,,,,,,,,,Nvec_v1g178546;Xboc_model_7142,1.3056446784710452e-41,6.800015369894074e-74
,,,,,,Nvec_v1g236625;Xboc_model_6897,1.627625455515843e-07,4.1087159167690446e-26,Nvec_v1g108724;Xboc_model_10506,4.283029379610843e-11,0.0010763975026762008,Nvec_v1g188243;Xboc_model_7642,0.0,1.7192094869354313e-55,Nvec_v1g188243;Xboc_model_12571,0.0,2.855892798476644e-05,Nvec_v1g204742;Xboc_model_7560,1.8815487244740494e-195,3.177446054949731e-08,Nvec_v1g236044;Xboc_model_3312,1.6173787458022837e-13,7.820818334740014e-13,Nvec_v1g83864;Xboc_model_10806,5.57051106700528e-07,5.584796502395294e-12,Nvec_v1g108942;Xboc_model_3161,3.446126213377277e-05,0.00018009362050623443,,,,Nvec_v1g132315;Xboc_model_6778,1.119702856809418e-34,6.75835248987748e-182,Nvec_NVE25571;Xboc_model_13555,1.2615596716937145e-19,3.132500748562289e-253,Nvec_v1g177611;Xboc_model_8500,6.835230351020194e-33,6.228891484178966e-36,,,,,,,,,,Nvec_v1g236522;Xboc_g5180,0.007549154680818172,1.5483475151198248e-153,,,,,,,,,,Nvec_v1g118944;Xboc_model_10642,7.587618476859803e-26,9.364716822518466e-24,Nvec_v1g228321;Xboc_model_8234,0.00016546740483324522,9.825132077760315e-07,,,,Nvec_v1g202466;Xboc_model_13686,0.000502252781314579,0.00041802001758554816,,,,,,,,,,,,,,,,Nvec_v1g236761;Xboc_model_719,5.742517970814951e-70,2.05124266411481e-34
,,,,,,Nvec_v1g243086;Xboc_model_14026,1.6895854568770118e-11,2.3528824094092374e-12,Nvec_v1g123507;Xboc_model_1141,0.0033831932527154233,5.281162222327915e-38,Nvec_v1g208427;Xboc_model_13555,1.0420674331730334e-18,3.132500748562289e-253,Nvec_v1g175347;Xboc_model_13555,2.0025404681152266e-30,7.944194327148512e-48,Nvec_v1g60683;Xboc_model_1093,4.3182780452551774e-23,0.0,Nvec_v1g108942;Xboc_model_3810,3.446126213377277e-05,5.093817802238794e-35,Nvec_v1g83864;Xboc_model_8980,5.57051106700528e-07,4.809109685550454e-13,Nvec_v1g170524;Xboc_model_3161,0.00864764123715404,0.00018009362050623443,,,,Nvec_v1g80686;Xboc_model_3472,1.2299995621225112e-47,6.698887428809847e-24,Nvec_v1g84136;Xboc_model_572,3.9490704772939907e-84,9.563723253693326e-08,Nvec_v1g80945;Xboc_model_7560,6.394526927328525e-21,3.177446054949731e-08,,,,,,,,,,Nvec_v1g234521;Xboc_model_10642,1.1527435814449788e-08,2.6447455268418946e-122,,,,,,,,,,Nvec_v1g181774;Xboc_model_112,2.940085536436973e-10,6.128205428918047e-12,Nvec_v1g97106;Xboc_model_11648,1.606386943316861e-05,4.562962294353717e-10,,,,,,,,,,,,,,,,,,,,,,Nvec_v1g187690;Xboc_model_1360,6.940863884457132e-43,6.151551079668372e-37
,,,,,,Nvec_v1g91512;Xboc_model_4860,4.1947779215287466e-07,1.0857204462927523e-05,Nvec_v1g155941;Xboc_model_1152,0.0001414855687092663,0.0009705970229073985,Nvec_v1g241327;Xboc_model_1190,1.9941696034511876e-32,9.559290128977022e-32,Nvec_v1g957;Xboc_model_7525,1.346665271276959e-06,6.8060024648484865e-121,Nvec_v1g240903;Xboc_model_10848,2.845824687130295e-35,8.157482045033553e-35,Nvec_v1g83864;Xboc_model_7316,5.57051106700528e-07,0.00985278027454316,Nvec_v1g236044;Xboc_model_1959,1.6173787458022837e-13,1.6086496443842235e-08,Nvec_v1g140545;Xboc_model_3161,0.0005814044364887051,0.00018009362050623443,,,,Nvec_v1g244220;Xboc_model_6438,2.221781696850165e-11,0.0,Nvec_v1g191860;Xboc_model_1141,2.0594939503600988e-08,1.2845821361537508e-78,Nvec_v1g200105;Xboc_model_3122,7.010116649170019e-14,3.865586587494576e-13,,,,,,,,,,Nvec_v1g213429;Xboc_model_10642,0.001552586759646738,2.6447455268418946e-122,,,,,,,,,,Nvec_v1g234931;Xboc_model_8936,2.2224588331101996e-41,6.706719874794061e-06,Nvec_v1g239788;Xboc_g5180,1.9179862547491084e-05,1.856461883721657e-07,,,,,,,,,,,,,,,,,,,,,,Nvec_v1g191823;Xboc_model_10154,1.1095051493779978e-78,6.3504141646188024e-27
,,,,,,Nvec_v1g242285;Xboc_model_7694,0.0007447866006169634,1.9946072160507784e-213,Nvec_v1g243859;Xboc_model_1569,0.0045793904492642335,2.282364857068167e-18,Nvec_v1g84136;Xboc_model_572,2.150133071296552e-160,9.563723253693326e-08,Nvec_v1g190019;Xboc_model_765,8.189088861565475e-05,1.520029210761e-310,Nvec_v1g205652;Xboc_model_7560,1.5523827328329632e-205,3.177446054949731e-08,Nvec_v1g124772;Xboc_model_3298,2.499068980273192e-06,1.4726508432856957e-12,Nvec_v1g229125;Xboc_model_1959,8.240855463373271e-05,1.6086496443842235e-08,,,,,,,Nvec_v1g169611;Xboc_model_8631,6.834132660815862e-247,0.0022512946066038397,Nvec_v1g180651;Xboc_model_3134,1.9640798237320555e-19,2.8129470163870646e-84,Nvec_v1g177989;Xboc_model_10848,7.458349583905337e-05,8.157482045033553e-35,,,,,,,,,,Nvec_v1g189121;Xboc_model_9060,0.0072161519279551785,7.296383725755433e-55,,,,,,,,,,Nvec_v1g239788;Xboc_model_8063,1.9179862547491084e-05,0.004514777589853552,Nvec_v1g167737;Xboc_model_10642,1.5114379588673244e-40,1.569790806726383e-12,,,,,,,,,,,,,,,,,,,,,,Nvec_v1g237425;Xboc_model_92,7.142614070776527e-84,1.5959871851133025e-38
,,,,,,Nvec_v1g100834;Xboc_model_11239,0.0005929902317744221,3.4144579793424866e-15,Nvec_v1g243859;Xboc_model_8173,0.0045793904492642335,2.4710118100555654e-05,Nvec_v1g191860;Xboc_model_3134,4.860764933665832e-45,2.8129470163870646e-84,Nvec_v1g117697;Xboc_model_765,1.1989811727191866e-05,1.520029210761e-310,Nvec_v1g60863;Xboc_model_3478,5.839873528162818e-23,1.2756936955355156e-27,Nvec_v1g124911;Xboc_model_3298,7.044215679154291e-06,1.4726508432856957e-12,Nvec_v1g85345;Xboc_model_10806,0.00017790410775928906,5.584796502395294e-12,,,,,,,Nvec_v1g216465;Xboc_model_8500,8.777527870772146e-11,6.228891484178966e-36,Nvec_v1g247215;Xboc_model_12658,2.0919677656920922e-126,0.0026456400776504216,Nvec_v1g80763;Xboc_model_3472,3.748360053533953e-08,6.698887428809847e-24,,,,,,,,,,Nvec_v1g202466;Xboc_model_10642,0.000502252781314579,2.6447455268418946e-122,,,,,,,,,,Nvec_v1g214798;Xboc_model_7510,1.5780528109388665e-32,3.4046243244146294e-05,Nvec_v1g239788;Xboc_model_10002,1.9179862547491084e-05,0.0003293295072079502,,,,,,,,,,,,,,,,,,,,,,Nvec_v1g236492;Xboc_model_3217,2.9632302347998235e-45,6.116651867726928e-64
,,,,,,Nvec_v1g192646;Xboc_model_4664,9.060754528648604e-12,0.00014209721254334639,Nvec_v1g240553;Xboc_model_13760,0.0035967074437145705,1.916241591042777e-05,Nvec_v1g180651;Xboc_model_3134,1.5379432198338144e-50,2.8129470163870646e-84,Nvec_v1g239511;Xboc_model_510,2.568893196876853e-36,5.078360873846777e-116,Nvec_NVE4823;Xboc_model_1093,3.0369186994553553e-15,0.0,Nvec_v1g199428;Xboc_model_3298,8.995965831470935e-10,1.4726508432856957e-12,Nvec_v1g85345;Xboc_model_8980,0.00017790410775928906,4.809109685550454e-13,,,,,,,Nvec_v1g80526;Xboc_model_3478,2.8447592171927288e-09,1.2756936955355156e-27,Nvec_v1g190019;Xboc_model_1141,0.00031778501885912217,1.2845821361537508e-78,Nvec_v1g237239;Xboc_model_2740,3.379642671522549e-05,6.0573793334722285e-99,,,,,,,,,,Nvec_v1g167342;Xboc_model_2931,2.3561014111103786e-26,0.006094544222775065,,,,,,,,,,Nvec_v1g172604;Xboc_model_11914,2.381175121300144e-07,0.00011025795603268662,Nvec_v1g79192;Xboc_model_9195,2.115405996953564e-60,0.0019421765189969245,,,,,,,,,,,,,,,,,,,,,,Nvec_v1g234207;Xboc_model_6757,2.403826315271766e-13,1.9327742659077708e-88
,,,,,,Nvec_v1g236766;Xboc_model_6897,0.0019809792929546795,4.1087159167690446e-26,Nvec_v1g173281;Xboc_model_1152,0.004436989362200192,0.0009705970229073985,Nvec_v1g117697;Xboc_model_10963,1.1989811727191866e-05,3.5606324083409e-157,Nvec_v1g190019;Xboc_model_3134,8.189088861565475e-05,0.0,Nvec_v1g177611;Xboc_model_10723,1.7685208841758597e-16,9.56033745188019e-78,Nvec_v1g140545;Xboc_model_3810,0.0005814044364887051,5.093817802238794e-35,Nvec_v1g124772;Xboc_model_1959,2.499068980273192e-06,1.6086496443842235e-08,,,,,,,Nvec_v1g80686;Xboc_model_3471,1.2299995621225112e-47,2.0297186317762427e-07,Nvec_v1g180651;Xboc_model_9965,1.9640798237320555e-19,1.3637429210934938e-16,Nvec_v1g200103;Xboc_model_3122,1.5421167244004092e-15,3.865586587494576e-13,,,,,,,,,,Nvec_v1g73487;Xboc_model_8639,0.000369325495536742,6.649124672171641e-27,,,,,,,,,,Nvec_v1g214798;Xboc_model_6016,1.5780528109388665e-32,1.1821910793095519e-05,Nvec_v1g240187;Xboc_g5180,4.415534066217857e-12,1.856461883721657e-07,,,,,,,,,,,,,,,,,,,,,,Nvec_v1g167953;Xboc_model_8126,5.046822027573438e-54,5.161592132152657e-46
,,,,,,Nvec_v1g188669;Xboc_model_238,0.0027092928556092582,1.0389984031637468e-45,Nvec_v1g243859;Xboc_model_467,0.0045793904492642335,7.630300053979059e-06,Nvec_v1g123507;Xboc_model_1141,1.869502149865673e-15,1.2845821361537508e-78,Nvec_v1g248018;Xboc_g7257,1.8960957857373003e-07,1.2687898734726135e-205,Nvec_v1g80763;Xboc_model_3478,9.14407135621297e-13,1.2756936955355156e-27,Nvec_v1g124772;Xboc_model_3312,2.499068980273192e-06,7.820818334740014e-13,Nvec_v1g199428;Xboc_model_1959,8.995965831470935e-10,1.6086496443842235e-08,,,,,,,Nvec_v1g80686;Xboc_model_5689,1.2299995621225112e-47,6.043363759954734e-06,Nvec_v1g27606;Xboc_g7257,4.688877286058277e-12,7.453410262424843e-38,Nvec_NVE4823;Xboc_model_1093,1.4101020477674379e-07,0.0,,,,,,,,,,Nvec_NVE7035;Xboc_model_9065,0.0005859637478664891,1.5934260076957338e-15,,,,,,,,,,Nvec_v1g79287;Xboc_model_13355,1.789941296201346e-14,1.8854292472027648e-05,Nvec_v1g136185;Xboc_model_11648,9.1235498916519e-17,4.562962294353717e-10,,,,,,,,,,,,,,,,,,,,,,Nvec_v1g172396;Xboc_model_1846,3.363930607277659e-70,1.6343387486497027e-43
,,,,,,Nvec_v1g176499;Xboc_model_238,0.006869436601280831,1.0389984031637468e-45,Nvec_v1g243859;Xboc_model_12458,0.0045793904492642335,2.5934002757905127e-05,Nvec_v1g117697;Xboc_model_10796,1.1989811727191866e-05,5.728269233798078e-253,Nvec_v1g208427;Xboc_model_13555,1.0420674331730334e-18,7.944194327148512e-48,Nvec_v1g80945;Xboc_model_7560,8.305910784009362e-69,3.177446054949731e-08,Nvec_v1g124911;Xboc_model_3312,7.044215679154291e-06,7.820818334740014e-13,Nvec_v1g26281;Xboc_model_1959,8.407865493662903e-07,1.6086496443842235e-08,,,,,,,Nvec_v1g80686;Xboc_model_8560,1.2299995621225112e-47,6.153827615978531e-07,Nvec_v1g160811;Xboc_model_8014,1.399455976530867e-31,4.4040690452825095e-12,Nvec_v1g214299;Xboc_model_6778,0.00017187624692593473,6.75835248987748e-182,,,,,,,,,,Nvec_v1g166166;Xboc_model_8597,3.759701338980705e-07,2.705633955036812e-51,,,,,,,,,,Nvec_v1g240187;Xboc_model_8063,4.415534066217857e-12,0.004514777589853552,Nvec_v1g136167;Xboc_model_11648,1.3349025016514864e-13,4.562962294353717e-10,,,,,,,,,,,,,,,,,,,,,,Nvec_v1g242621;Xboc_model_3530,5.954608585870395e-62,1.493397780494471e-71
,,,,,,Nvec_v1g242297;Xboc_model_8522,3.6126705667200596e-16,1.9584971616032846e-07,,,,Nvec_v1g191860;Xboc_model_9965,4.860764933665832e-45,1.3637429210934938e-16,Nvec_v1g194342;Xboc_model_7926,1.4257698226935912e-11,1.3722861096712695e-68,Nvec_v1g88915;Xboc_model_3122,1.6218581385447814e-46,3.865586587494576e-13,Nvec_v1g229125;Xboc_model_3298,8.240855463373271e-05,1.4726508432856957e-12,Nvec_v1g124911;Xboc_model_1959,7.044215679154291e-06,1.6086496443842235e-08,,,,,,,Nvec_v1g203298;Xboc_model_3122,4.572880014000591e-157,3.865586587494576e-13,Nvec_v1g208427;Xboc_model_13555,0.000489961065389918,3.132500748562289e-253,Nvec_v1g247005;Xboc_model_10723,0.0010290374864979253,9.56033745188019e-78,,,,,,,,,,Nvec_v1g214798;Xboc_model_6016,1.5780528109388665e-32,1.4615034475167506e-07,,,,,,,,,,Nvec_v1g167737;Xboc_model_13686,1.5114379588673244e-40,4.0785853822522106e-13,Nvec_v1g118944;Xboc_model_10642,7.587618476859803e-26,1.569790806726383e-12,,,,,,,,,,,,,,,,,,,,,,Nvec_v1g194235;Xboc_model_11004,1.4888901349494886e-38,5.031386837603455e-58
,,,,,,Nvec_v1g236387;Xboc_model_6897,0.001550819926519342,4.1087159167690446e-26,,,,Nvec_v1g180651;Xboc_model_9965,1.5379432198338144e-50,1.3637429210934938e-16,Nvec_v1g162182;Xboc_model_9285,1.5143621778060627e-66,2.5031434360680365e-28,Nvec_v1g177611;Xboc_model_8500,1.7685208841758597e-16,6.228891484178966e-36,Nvec_v1g199428;Xboc_model_3312,8.995965831470935e-10,7.820818334740014e-13,Nvec_v1g140545;Xboc_model_1959,0.0005814044364887051,1.6086496443842235e-08,,,,,,,Nvec_v1g80685;Xboc_model_3472,8.423296786467027e-17,6.698887428809847e-24,Nvec_v1g113255;Xboc_model_4664,2.409374653590981e-10,1.754287794688892e-21,Nvec_v1g80763;Xboc_model_3471,3.748360053533953e-08,2.0297186317762427e-07,,,,,,,,,,Nvec_v1g207820;Xboc_g6333,1.1271119063262965e-06,2.521391941472984e-10,,,,,,,,,,Nvec_v1g83866;Xboc_model_8936,7.67960893901675e-23,6.706719874794061e-06,Nvec_v1g242002;Xboc_model_8234,0.00020319557630170805,9.825132077760315e-07,,,,,,,,,,,,,,,,,,,,,,Nvec_v1g178640;Xboc_model_2338,2.826600770547421e-14,5.980099876557126e-157
,,,,,,Nvec_v1g113714;Xboc_model_1104,0.0033071251955303785,9.542468548808742e-12,,,,Nvec_v1g210933;Xboc_model_7642,6.815125173642041e-56,1.7192094869354313e-55,Nvec_v1g178546;Xboc_model_7142,5.43391473923454e-63,1.4673294366044867e-16,Nvec_v1g60863;Xboc_model_3472,5.839873528162818e-23,6.698887428809847e-24,Nvec_v1g105779;Xboc_model_3810,4.6745460784266255e-06,5.093817802238794e-35,Nvec_v1g108942;Xboc_model_1959,3.446126213377277e-05,1.6086496443842235e-08,,,,,,,Nvec_v1g80526;Xboc_model_3472,2.8447592171927288e-09,6.698887428809847e-24,Nvec_v1g191860;Xboc_model_3134,2.0594939503600988e-08,2.8129470163870646e-84,Nvec_v1g240903;Xboc_model_7560,1.0979383196259367e-09,3.177446054949731e-08,,,,,,,,,,Nvec_v1g122926;Xboc_g6333,0.004410303536214071,2.521391941472984e-10,,,,,,,,,,Nvec_v1g348;Xboc_model_5793,0.0020980223027723182,1.0414973812247196e-07,Nvec_v1g236522;Xboc_model_8234,0.007549154680818172,9.825132077760315e-07,,,,,,,,,,,,,,,,,,,,,,Nvec_v1g158071;Xboc_model_8107,1.708497635377024e-51,5.120704277585867e-74
,,,,,,Nvec_v1g195315;Xboc_model_6180,0.0011867270918757993,1.745924157637687e-149,,,,Nvec_v1g191860;Xboc_model_765,4.860764933665832e-45,0.004227568209025072,Nvec_v1g195315;Xboc_model_6180,9.807321061435766e-25,1.745924157637687e-149,Nvec_v1g240903;Xboc_model_7560,2.845824687130295e-35,3.177446054949731e-08,Nvec_v1g85345;Xboc_model_3298,0.00017790410775928906,1.4726508432856957e-12,Nvec_v1g2158;Xboc_model_1959,0.0004062323548681199,1.6086496443842235e-08,,,,,,,Nvec_v1g80685;Xboc_model_3471,8.423296786467027e-17,2.0297186317762427e-07,Nvec_v1g113255;Xboc_model_5858,2.409374653590981e-10,2.892597877629018e-20,Nvec_v1g80763;Xboc_model_8560,3.748360053533953e-08,6.153827615978531e-07,,,,,,,,,,Nvec_v1g181774;Xboc_model_112,2.940085536436973e-10,0.00018655214736786868,,,,,,,,,,Nvec_v1g1848;Xboc_model_3804,0.0005236425785068657,7.106181746440043e-06,Nvec_v1g202466;Xboc_model_10642,0.000502252781314579,1.569790806726383e-12,,,,,,,,,,,,,,,,,,,,,,Nvec_v1g181408;Xboc_model_11218,5.53848631407227e-60,1.6855085916832554e-40
,,,,,,Nvec_v1g195315;Xboc_model_2621,0.0011867270918757993,1.72474669325055e-14,,,,Nvec_v1g27606;Xboc_g7257,1.2482855134021159e-20,7.453410262424843e-38,Nvec_v1g243086;Xboc_model_14026,8.740889002180686e-45,2.3528824094092374e-12,Nvec_v1g80630;Xboc_model_3478,3.5841949254985825e-05,1.2756936955355156e-27,Nvec_v1g88668;Xboc_model_4099,0.0005407150547515106,5.601668915495562e-20,Nvec_v1g105779;Xboc_model_10806,4.6745460784266255e-06,5.584796502395294e-12,,,,,,,Nvec_v1g80596;Xboc_model_3478,2.566976120701466e-12,1.2756936955355156e-27,Nvec_v1g188243;Xboc_model_7642,5.204916997787078e-109,1.7192094869354313e-55,Nvec_v1g88915;Xboc_model_3122,0.0014090753970623787,3.865586587494576e-13,,,,,,,,,,Nvec_v1g239788;Xboc_model_10002,1.9179862547491084e-05,0.006820133031279302,,,,,,,,,,Nvec_v1g186200;Xboc_model_10642,0.006920110128879609,9.364716822518466e-24,Nvec_v1g166166;Xboc_model_8597,3.759701338980705e-07,6.44563724014918e-31,,,,,,,,,,,,,,,,,,,,,,Nvec_v1g177484;Xboc_model_10576,2.067954205717541e-82,1.4891897443282298e-37
,,,,,,Nvec_v1g119483;Xboc_model_578,0.00012220338259477372,4.6661057190310454e-23,,,,Nvec_v1g180651;Xboc_model_765,1.5379432198338144e-50,0.004227568209025072,Nvec_v1g242297;Xboc_model_8522,1.8566581836522058e-117,1.9584971616032846e-07,Nvec_v1g80763;Xboc_model_3472,9.14407135621297e-13,6.698887428809847e-24,Nvec_v1g15302;Xboc_model_4099,2.1389202991831074e-09,5.601668915495562e-20,Nvec_v1g105779;Xboc_model_8980,4.6745460784266255e-06,4.809109685550454e-13,,,,,,,Nvec_v1g80685;Xboc_model_5689,8.423296786467027e-17,6.043363759954734e-06,Nvec_v1g180651;Xboc_model_765,1.9640798237320555e-19,0.004227568209025072,Nvec_v1g127140;Xboc_model_7560,5.9505338901311643e-05,3.177446054949731e-08,,,,,,,,,,Nvec_v1g161273;Xboc_model_6542,0.0010806743900938812,0.007210394386038757,,,,,,,,,,Nvec_v1g118944;Xboc_model_13686,7.587618476859803e-26,4.0785853822522106e-13,Nvec_v1g186200;Xboc_model_10642,0.006920110128879609,1.569790806726383e-12,,,,,,,,,,,,,,,,,,,,,,Nvec_v1g244518;Xboc_model_1877,1.8922453895087317e-51,2.0779312819298887e-35
,,,,,,Nvec_v1g120496;Xboc_model_11239,0.0006241406246419853,3.4144579793424866e-15,,,,Nvec_v1g123261;Xboc_model_13555,0.00022831150009995513,3.132500748562289e-253,Nvec_v1g123507;Xboc_model_1141,1.869502149865673e-15,5.281162222327915e-38,Nvec_v1g244220;Xboc_model_6438,0.00022506868244998447,0.0,Nvec_v1g108942;Xboc_model_3298,3.446126213377277e-05,1.4726508432856957e-12,Nvec_v1g83864;Xboc_model_1959,5.57051106700528e-07,1.6086496443842235e-08,,,,,,,Nvec_v1g80685;Xboc_model_8560,8.423296786467027e-17,6.153827615978531e-07,Nvec_v1g238389;Xboc_model_8014,4.854078928886628e-26,4.4040690452825095e-12,Nvec_v1g247005;Xboc_model_8500,0.0010290374864979253,6.228891484178966e-36,,,,,,,,,,Nvec_v1g236522;Xboc_model_10002,0.007549154680818172,0.006820133031279302,,,,,,,,,,Nvec_v1g98373;Xboc_model_12551,3.577943940817612e-33,0.0028732955937372105,Nvec_v1g234521;Xboc_model_10642,1.1527435814449788e-08,1.569790806726383e-12,,,,,,,,,,,,,,,,,,,,,,Nvec_v1g234712;Xboc_model_1333,1.5220900927303512e-13,2.291753539472384e-57
,,,,,,Nvec_v1g163393;Xboc_model_148,1.3654344137210556e-05,8.015335892142697e-07,,,,Nvec_v1g123507;Xboc_model_3134,1.869502149865673e-15,2.8129470163870646e-84,Nvec_v1g230864;Xboc_model_1540,5.761632800825679e-108,0.0014628662463782981,Nvec_v1g188243;Xboc_model_8631,0.0,0.0022512946066038397,Nvec_v1g229125;Xboc_model_3312,8.240855463373271e-05,7.820818334740014e-13,Nvec_v1g170524;Xboc_model_10806,0.00864764123715404,5.584796502395294e-12,,,,,,,Nvec_v1g205307;Xboc_model_3472,1.8101099553668816e-08,6.698887428809847e-24,Nvec_v1g188356;Xboc_model_9169,7.742990104042371e-50,0.008602840870097684,Nvec_v1g80763;Xboc_model_5689,3.748360053533953e-08,6.043363759954734e-06,,,,,,,,,,,,,,,,,,,,,,Nvec_v1g202466;Xboc_model_10642,0.000502252781314579,9.364716822518466e-24,Nvec_v1g213429;Xboc_model_10642,0.001552586759646738,1.569790806726383e-12,,,,,,,,,,,,,,,,,,,,,,Nvec_v1g248539;Xboc_model_11399,1.5165385347691709e-71,5.350530459886056e-38
,,,,,,Nvec_v1g219557;Xboc_model_1152,2.983660714870477e-08,0.0009705970229073985,,,,Nvec_v1g234225;Xboc_model_10279,9.23827069399331e-54,1.9581337395644027e-06,Nvec_v1g210933;Xboc_model_12571,6.815125173642041e-56,2.855892798476644e-05,Nvec_v1g60863;Xboc_model_3471,5.839873528162818e-23,2.0297186317762427e-07,Nvec_v1g236044;Xboc_model_12910,1.6173787458022837e-13,0.00015429704646306757,Nvec_v1g170524;Xboc_model_8980,0.00864764123715404,4.809109685550454e-13,,,,,,,Nvec_v1g81066;Xboc_model_3478,8.395997377840176e-05,1.2756936955355156e-27,Nvec_v1g190019;Xboc_model_3134,0.00031778501885912217,2.8129470163870646e-84,Nvec_v1g185528;Xboc_model_3471,2.931640458552042e-05,2.0297186317762427e-07,,,,,,,,,,,,,,,,,,,,,,Nvec_v1g172604;Xboc_model_1859,2.381175121300144e-07,0.0027984251494616564,Nvec_v1g178640;Xboc_model_2338,2.3762536383954138e-11,0.00021250270610555236,,,,,,,,,,,,,,,,,,,,,,Nvec_v1g236625;Xboc_model_13318,2.2717578068247597e-29,3.370968878600142e-47
,,,,,,Nvec_v1g230864;Xboc_model_1540,0.0013613689046312921,0.0014628662463782981,,,,Nvec_v1g190019;Xboc_model_1141,8.189088861565475e-05,1.2845821361537508e-78,Nvec_v1g98719;Xboc_model_2562,1.2704115209710183e-97,5.542397827641006e-07,Nvec_v1g61545;Xboc_model_3472,5.0770732891412595e-21,6.698887428809847e-24,Nvec_v1g236044;Xboc_model_10349,1.6173787458022837e-13,2.3742704574553795e-06,Nvec_v1g85345;Xboc_model_1959,0.00017790410775928906,1.6086496443842235e-08,,,,,,,Nvec_v1g140375;Xboc_model_488,1.4631259090940666e-35,1.042731216525108e-06,Nvec_v1g191860;Xboc_model_9965,2.0594939503600988e-08,1.3637429210934938e-16,Nvec_v1g221793;Xboc_model_7560,4.313163621175172e-05,3.177446054949731e-08,,,,,,,,,,,,,,,,,,,,,,Nvec_v1g105798;Xboc_model_890,1.9133141090534404e-62,0.007078462518128696,Nvec_v1g202664;Xboc_model_8522,4.881257578312422e-06,0.0003743795656130801,,,,,,,,,,,,,,,,,,,,,,Nvec_NVE3351;Xboc_model_13514,4.230691560701336e-34,2.55816643638049e-25
,,,,,,Nvec_v1g239368;Xboc_model_10785,0.005317371080806824,3.2014922460514875e-21,,,,Nvec_v1g88915;Xboc_model_6377,1.6218581385447814e-46,2.8714304411662327e-06,Nvec_v1g195315;Xboc_model_2621,9.807321061435766e-25,1.72474669325055e-14,Nvec_v1g80763;Xboc_model_3471,9.14407135621297e-13,2.0297186317762427e-07,Nvec_v1g236044;Xboc_model_3802,1.6173787458022837e-13,0.00015345564563535138,Nvec_v1g105779;Xboc_model_1959,4.6745460784266255e-06,1.6086496443842235e-08,,,,,,,Nvec_v1g80526;Xboc_model_3471,2.8447592171927288e-09,2.0297186317762427e-07,Nvec_v1g241327;Xboc_model_1190,0.00023252952409667048,9.559290128977022e-32,Nvec_v1g185528;Xboc_model_8560,2.931640458552042e-05,6.153827615978531e-07,,,,,,,,,,,,,,,,,,,,,,Nvec_v1g194445;Xboc_model_3394,9.996904105956447e-48,0.0099777143892383,Nvec_v1g236522;Xboc_g5180,0.007549154680818172,1.856461883721657e-07,,,,,,,,,,,,,,,,,,,,,,Nvec_v1g193152;Xboc_model_3404,5.275624537630041e-46,5.461041467575923e-56
,,,,,,Nvec_v1g100834;Xboc_model_11408,0.0005929902317744221,0.003719125105582403,,,,Nvec_v1g240098;Xboc_model_6046,2.9178761873767075e-93,0.0013723264468885287,Nvec_v1g244590;Xboc_model_238,0.008080369378811169,1.0389984031637468e-45,Nvec_v1g80596;Xboc_model_3478,0.0016765458084819957,1.2756936955355156e-27,Nvec_v1g85345;Xboc_model_3312,0.00017790410775928906,7.820818334740014e-13,Nvec_v1g170524;Xboc_model_1959,0.00864764123715404,1.6086496443842235e-08,,,,,,,Nvec_v1g80526;Xboc_model_5689,2.8447592171927288e-09,6.043363759954734e-06,Nvec_v1g123261;Xboc_model_13555,0.007139201845328869,3.132500748562289e-253,Nvec_v1g169568;Xboc_model_10493,2.7352866035766695e-15,7.551719683373042e-06,,,,,,,,,,,,,,,,,,,,,,Nvec_NVE18530;Xboc_model_9394,0.00798150330382048,0.0026991661666970397,Nvec_v1g236522;Xboc_model_10002,0.007549154680818172,0.0003293295072079502,,,,,,,,,,,,,,,,,,,,,,Nvec_v1g234970;Xboc_model_5554,7.437869503338723e-53,2.7407199083492557e-54
,,,,,,Nvec_v1g242285;Xboc_model_8173,0.0007447866006169634,2.4710118100555654e-05,,,,Nvec_v1g237610;Xboc_model_8249,4.410463351801333e-71,0.0024474403546040787,Nvec_v1g236625;Xboc_model_6897,7.695255759068415e-05,4.1087159167690446e-26,Nvec_v1g60863;Xboc_model_5689,5.839873528162818e-23,6.043363759954734e-06,Nvec_v1g26281;Xboc_model_12910,8.407865493662903e-07,0.00015429704646306757,Nvec_v1g118540;Xboc_model_6792,2.5593921671576353e-32,0.0014816385269390798,,,,,,,Nvec_v1g61545;Xboc_model_3472,2.32389932753668e-30,6.698887428809847e-24,Nvec_v1g99833;Xboc_model_1112,2.2752518903620905e-25,4.839537514402783e-07,Nvec_v1g166171;Xboc_model_8597,8.840269278762852e-06,4.9167551798400835e-32,,,,,,,,,,,,,,,,,,,,,,Nvec_v1g166166;Xboc_model_8597,3.759701338980705e-07,2.401196061514681e-26,Nvec_v1g55150;Xboc_model_8522,3.00299790697674e-15,0.0003743795656130801,,,,,,,,,,,,,,,,,,,,,,Nvec_v1g242566;Xboc_model_10518,1.5478792352221067e-72,8.0236225210519e-13
,,,,,,Nvec_v1g80818;Xboc_model_11408,0.0057005198479418194,0.003719125105582403,,,,Nvec_v1g244934;Xboc_model_4028,1.8485746250277973e-62,0.0005887565065259142,Nvec_v1g190019;Xboc_model_1141,8.189088861565475e-05,5.281162222327915e-38,Nvec_v1g98719;Xboc_model_2562,1.2704115209710183e-97,0.001863787928130152,Nvec_v1g108942;Xboc_model_3312,3.446126213377277e-05,7.820818334740014e-13,,,,,,,,,,Nvec_v1g80526;Xboc_model_8560,2.8447592171927288e-09,6.153827615978531e-07,Nvec_v1g210933;Xboc_model_7642,1.7210033913438432e-15,1.7192094869354313e-55,Nvec_v1g175341;Xboc_model_5556,3.883901302610283e-201,0.0013240825120698848,,,,,,,,,,,,,,,,,,,,,,Nvec_v1g234521;Xboc_model_10642,1.1527435814449788e-08,9.364716822518466e-24,,,,,,,,,,,,,,,,,,,,,,,,,Nvec_v1g173646;Xboc_model_9209,1.2639240191968699e-72,1.254743109762908e-19
,,,,,,Nvec_v1g188243;Xboc_model_12571,5.449018910978035e-45,2.855892798476644e-05,,,,Nvec_v1g181408;Xboc_model_11218,8.865462328721554e-54,7.730482529222227e-05,Nvec_v1g108724;Xboc_model_10506,1.236548000150751e-40,0.0010763975026762008,Nvec_v1g80763;Xboc_model_5689,9.14407135621297e-13,6.043363759954734e-06,Nvec_v1g88668;Xboc_model_8829,0.0005407150547515106,1.672009773875025e-14,,,,,,,,,,Nvec_v1g80596;Xboc_model_3472,2.566976120701466e-12,6.698887428809847e-24,Nvec_v1g234225;Xboc_model_10279,5.959222139094529e-16,1.9581337395644027e-06,Nvec_v1g98719;Xboc_model_2562,1.8640802000284204e-07,0.001863787928130152,,,,,,,,,,,,,,,,,,,,,,Nvec_NVE6335;Xboc_model_7196,1.4691819340598057e-26,0.0064501591747413035,,,,,,,,,,,,,,,,,,,,,,,,,Nvec_v1g236834;Xboc_model_5473,1.6472820849957816e-28,1.8983028538548782e-39
,,,,,,Nvec_v1g238120;Xboc_model_13760,0.004311116823625452,1.916241591042777e-05,,,,Nvec_v1g248018;Xboc_g7257,1.8960957857373003e-07,7.453410262424843e-38,Nvec_v1g98476;Xboc_model_2562,2.0197077061097095e-22,5.542397827641006e-07,Nvec_v1g80630;Xboc_model_3472,3.5841949254985825e-05,6.698887428809847e-24,Nvec_v1g15302;Xboc_model_8829,2.1389202991831074e-09,1.672009773875025e-14,,,,,,,,,,Nvec_v1g205307;Xboc_model_1171,1.8101099553668816e-08,7.862991685456068e-05,Nvec_v1g191860;Xboc_model_765,2.0594939503600988e-08,0.004227568209025072,Nvec_v1g237552;Xboc_model_5556,4.106748495714953e-143,0.0013240825120698848,,,,,,,,,,,,,,,,,,,,,,Nvec_v1g215376;Xboc_model_9394,5.448700594060561e-06,0.0026991661666970397,,,,,,,,,,,,,,,,,,,,,,,,,Nvec_v1g160743;Xboc_model_3245,3.8852156440496645e-52,9.025659168069122e-30
,,,,,,Nvec_v1g173281;Xboc_model_1152,0.00016524929706634124,0.0009705970229073985,,,,Nvec_v1g195315;Xboc_model_6180,9.807321061435766e-25,7.763685960707376e-19,Nvec_v1g123261;Xboc_model_13555,0.00022831150009995513,7.944194327148512e-48,Nvec_v1g60863;Xboc_model_8560,5.839873528162818e-23,6.153827615978531e-07,Nvec_v1g140545;Xboc_model_3298,0.0005814044364887051,1.4726508432856957e-12,,,,,,,,,,Nvec_v1g81066;Xboc_model_3472,8.395997377840176e-05,6.698887428809847e-24,Nvec_v1g190019;Xboc_model_9965,0.00031778501885912217,1.3637429210934938e-16,Nvec_v1g188243;Xboc_model_8631,5.204916997787078e-109,0.0022512946066038397,,,,,,,,,,,,,,,,,,,,,,Nvec_v1g186200;Xboc_model_13686,0.006920110128879609,4.0785853822522106e-13,,,,,,,,,,,,,,,,,,,,,,,,,Nvec_v1g236320;Xboc_model_6526,3.508504988856844e-36,1.2610707302256616e-19
,,,,,,Nvec_v1g98476;Xboc_model_2562,2.9535410044838295e-05,5.542397827641006e-07,,,,Nvec_v1g177191;Xboc_model_1360,1.4303438313648807e-20,7.404246935643952e-05,Nvec_v1g234533;Xboc_model_6180,0.005405102821831009,1.745924157637687e-149,Nvec_v1g175341;Xboc_model_5556,0.0,0.0013240825120698848,Nvec_v1g236044;Xboc_model_7316,1.6173787458022837e-13,0.00985278027454316,,,,,,,,,,Nvec_v1g81835;Xboc_model_4365,7.692199956138949e-06,1.6687906976070422e-96,Nvec_v1g195315;Xboc_model_6180,2.1973062217888593e-14,7.763685960707376e-19,Nvec_v1g244349;Xboc_model_3070,2.925612376790124e-07,0.0017035520904515372,,,,,,,,,,,,,,,,,,,,,,Nvec_v1g245025;Xboc_model_9394,0.005374113763726539,0.0026991661666970397,,,,,,,,,,,,,,,,,,,,,,,,,Nvec_v1g237610;Xboc_model_8249,1.5170858895777556e-53,5.555339402610785e-39
,,,,,,Nvec_v1g242285;Xboc_model_8599,0.0007447866006169634,0.002273447294832374,,,,Nvec_v1g123507;Xboc_model_765,1.869502149865673e-15,0.004227568209025072,Nvec_v1g176499;Xboc_model_238,0.0005644765050497411,1.0389984031637468e-45,Nvec_v1g237552;Xboc_model_5556,0.0,0.0013240825120698848,Nvec_v1g124772;Xboc_model_12910,2.499068980273192e-06,0.00015429704646306757,,,,,,,,,,Nvec_v1g80596;Xboc_model_3471,2.566976120701466e-12,2.0297186317762427e-07,Nvec_v1g248018;Xboc_g7257,0.005783995851168875,7.453410262424843e-38,Nvec_v1g210933;Xboc_model_8631,1.7210033913438432e-15,0.0022512946066038397,,,,,,,,,,,,,,,,,,,,,,Nvec_v1g213429;Xboc_model_10642,0.001552586759646738,9.364716822518466e-24,,,,,,,,,,,,,,,,,,,,,,,,,Nvec_v1g236404;Xboc_model_9876,1.555477565574102e-62,3.3336418610988425e-24
,,,,,,Nvec_v1g108724;Xboc_model_10506,5.5273937593550885e-08,0.0010763975026762008,,,,Nvec_NVE18540;Xboc_model_918,2.3730903663829897e-09,5.160034602425447e-09,Nvec_v1g103440;Xboc_model_10628,4.052821506001398e-07,6.878093582555202e-17,Nvec_v1g210933;Xboc_model_8631,6.815125173642041e-56,0.0022512946066038397,Nvec_v1g124911;Xboc_model_12910,7.044215679154291e-06,0.00015429704646306757,,,,,,,,,,Nvec_v1g61545;Xboc_model_1171,2.32389932753668e-30,7.862991685456068e-05,Nvec_v1g190019;Xboc_model_765,0.00031778501885912217,0.004227568209025072,Nvec_NVE25571;Xboc_model_5556,1.2615596716937145e-19,0.0013240825120698848,,,,,,,,,,,,,,,,,,,,,,Nvec_v1g202466;Xboc_model_13686,0.000502252781314579,4.0785853822522106e-13,,,,,,,,,,,,,,,,,,,,,,,,,Nvec_v1g245093;Xboc_model_6292,3.551690606409823e-57,1.2262501417383304e-41
,,,,,,Nvec_v1g204287;Xboc_model_11408,0.0008602662540626883,0.003719125105582403,,,,Nvec_v1g234893;Xboc_model_5181,1.2202558995933218e-30,0.00028951312299206714,Nvec_v1g163197;Xboc_model_610,0.0005753207888474208,3.526975074892877e-09,Nvec_v1g80763;Xboc_model_8560,9.14407135621297e-13,6.153827615978531e-07,Nvec_v1g124772;Xboc_model_10349,2.499068980273192e-06,2.3742704574553795e-06,,,,,,,,,,Nvec_v1g80596;Xboc_model_5689,2.566976120701466e-12,6.043363759954734e-06,Nvec_v1g236320;Xboc_model_6526,5.611739086548758e-14,0.0034281885502754164,Nvec_v1g175347;Xboc_model_5556,1.315352626897513e-12,0.0013240825120698848,,,,,,,,,,,,,,,,,,,,,,Nvec_v1g13425;Xboc_model_4568,0.0031597611699722868,0.004144624996433578,,,,,,,,,,,,,,,,,,,,,,,,,Nvec_v1g190935;Xboc_model_1696,5.509550562136301e-67,2.1760923412281817e-18
,,,,,,Nvec_v1g238120;Xboc_model_5495,0.004311116823625452,0.004601721781436439,,,,Nvec_v1g237425;Xboc_model_92,1.2438093569895471e-61,0.0031676913335369093,Nvec_v1g219557;Xboc_model_1152,1.024378076316939e-11,0.0009705970229073985,Nvec_v1g127140;Xboc_model_7560,3.993182001433816e-07,3.177446054949731e-08,Nvec_v1g124911;Xboc_model_10349,7.044215679154291e-06,2.3742704574553795e-06,,,,,,,,,,Nvec_v1g80596;Xboc_model_8560,2.566976120701466e-12,6.153827615978531e-07,Nvec_v1g237586;Xboc_model_4701,1.2701365436251532e-05,1.86317793944686e-08,Nvec_v1g204676;Xboc_model_826,2.502017432869921e-05,3.8751522289510356e-05,,,,,,,,,,,,,,,,,,,,,,Nvec_v1g98301;Xboc_model_12551,2.2167527366021244e-05,0.0028732955937372105,,,,,,,,,,,,,,,,,,,,,,,,,Nvec_v1g94285;Xboc_model_10851,6.16723509076709e-82,6.771730600766793e-13
,,,,,,Nvec_v1g210933;Xboc_model_12571,3.095391091259995e-05,2.855892798476644e-05,,,,Nvec_v1g216187;Xboc_model_4664,0.0002220339279054799,1.754287794688892e-21,Nvec_v1g216187;Xboc_model_4664,0.0002220339279054799,0.00014209721254334639,Nvec_v1g80630;Xboc_model_3471,3.5841949254985825e-05,2.0297186317762427e-07,Nvec_v1g199428;Xboc_model_12910,8.995965831470935e-10,0.00015429704646306757,,,,,,,,,,Nvec_v1g81066;Xboc_model_8560,8.395997377840176e-05,6.153827615978531e-07,Nvec_v1g181408;Xboc_model_11218,0.0008170825765665011,7.730482529222227e-05,Nvec_v1g169502;Xboc_model_214,4.559547666542789e-14,0.007863395628110705,,,,,,,,,,,,,,,,,,,,,,Nvec_v1g234521;Xboc_model_13686,1.1527435814449788e-08,4.0785853822522106e-13,,,,,,,,,,,,,,,,,,,,,,,,,Nvec_v1g165664;Xboc_model_13269,8.764095544134759e-57,1.4689378779229747e-22
,,,,,,Nvec_NVE9113;Xboc_model_12571,0.005095895297177311,2.855892798476644e-05,,,,Nvec_v1g190019;Xboc_model_3134,8.189088861565475e-05,2.8129470163870646e-84,Nvec_v1g29735;Xboc_g3183,0.0003296904571282954,2.3313058650318956e-07,Nvec_v1g80596;Xboc_model_3472,0.0016765458084819957,6.698887428809847e-24,Nvec_v1g105779;Xboc_model_3298,4.6745460784266255e-06,1.4726508432856957e-12,,,,,,,,,,Nvec_NVE13916;Xboc_model_2562,1.804828402607101e-61,0.001863787928130152,Nvec_v1g219557;Xboc_model_12651,0.0021358810271876138,3.608294529253197e-05,Nvec_v1g169611;Xboc_model_8631,2.8997026964935623e-07,0.0022512946066038397,,,,,,,,,,,,,,,,,,,,,,Nvec_v1g85009;Xboc_model_339,0.0013752468387488524,0.0004986440248885667,,,,,,,,,,,,,,,,,,,,,,,,,Nvec_v1g247521;Xboc_model_3852,3.5377017302219317e-41,1.6340659561873633e-23
,,,,,,Nvec_v1g242285;Xboc_model_9052,0.0007447866006169634,4.7808947368786704e-05,,,,Nvec_v1g187690;Xboc_model_1360,1.4325381833573048e-07,7.404246935643952e-05,Nvec_v1g217427;Xboc_model_2527,0.0008462177970046246,0.004987711656325949,Nvec_v1g61545;Xboc_model_1171,5.0770732891412595e-21,7.862991685456068e-05,Nvec_v1g124772;Xboc_model_3802,2.499068980273192e-06,0.00015345564563535138,,,,,,,,,,Nvec_v1g120257;Xboc_model_3472,1.1026229866433732e-06,6.698887428809847e-24,Nvec_v1g234893;Xboc_model_5181,0.0010432773367625536,0.00028951312299206714,Nvec_v1g123261;Xboc_model_5556,0.007139201845328869,0.0013240825120698848,,,,,,,,,,,,,,,,,,,,,,Nvec_v1g213429;Xboc_model_13686,0.001552586759646738,4.0785853822522106e-13,,,,,,,,,,,,,,,,,,,,,,,,,Nvec_v1g188999;Xboc_model_72,6.469228114262823e-14,7.208578832812358e-33
,,,,,,Nvec_v1g175341;Xboc_model_13555,0.0022620347559197886,7.944194327148512e-48,,,,Nvec_v1g219557;Xboc_model_12651,1.024378076316939e-11,3.608294529253197e-05,Nvec_v1g113255;Xboc_model_4664,0.007832320959359842,0.00014209721254334639,Nvec_v1g185681;Xboc_model_5791,2.493946556433197e-58,8.579774878697847e-16,Nvec_v1g124911;Xboc_model_3802,7.044215679154291e-06,0.00015345564563535138,,,,,,,,,,Nvec_v1g244220;Xboc_model_3122,2.221781696850165e-11,3.865586587494576e-13,Nvec_NVE9113;Xboc_model_7642,0.004181153475176742,1.7192094869354313e-55,Nvec_v1g98476;Xboc_model_2562,0.00022967669992988342,0.001863787928130152,,,,,,,,,,,,,,,,,,,,,,Nvec_v1g233029;Xboc_model_7510,0.001702188754167061,3.4046243244146294e-05,,,,,,,,,,,,,,,,,,,,,,,,,Nvec_v1g237468;Xboc_model_13262,4.8378715006307274e-39,2.4542253494452223e-19
,,,,,,,,,,,,Nvec_v1g117697;Xboc_model_9965,1.1989811727191866e-05,1.3637429210934938e-16,Nvec_v1g160897;Xboc_model_2527,0.0009956489635419565,0.004987711656325949,Nvec_v1g221793;Xboc_model_7560,1.065430662172405e-05,3.177446054949731e-08,Nvec_v1g140545;Xboc_model_3312,0.0005814044364887051,7.820818334740014e-13,,,,,,,,,,Nvec_v1g120257;Xboc_model_1171,1.1026229866433732e-06,7.862991685456068e-05,Nvec_v1g161196;Xboc_model_6377,1.7312197325806168e-06,2.8714304411662327e-06,Nvec_v1g208427;Xboc_model_5556,0.000489961065389918,0.0013240825120698848,,,,,,,,,,,,,,,,,,,,,,Nvec_v1g247980;Xboc_model_10359,0.009188948601262322,7.692462939934532e-05,,,,,,,,,,,,,,,,,,,,,,,,,Nvec_v1g231164;Xboc_model_3404,2.0601300990012118e-05,5.461041467575923e-56
,,,,,,,,,,,,Nvec_v1g240738;Xboc_model_9374,3.9052434933858804e-36,0.0013717160783153295,,,,Nvec_v1g80630;Xboc_model_5689,3.5841949254985825e-05,6.043363759954734e-06,Nvec_v1g199428;Xboc_model_10349,8.995965831470935e-10,2.3742704574553795e-06,,,,,,,,,,Nvec_v1g98476;Xboc_model_2562,1.8824812557395504e-48,0.001863787928130152,Nvec_v1g155941;Xboc_model_12651,0.006677038273813742,3.608294529253197e-05,,,,,,,,,,,,,,,,,,,,,,,,,Nvec_NVE12339;Xboc_model_7196,0.0027017312811506216,0.0064501591747413035,,,,,,,,,,,,,,,,,,,,,,,,,Nvec_v1g237519;Xboc_model_8939,1.4185817228832998e-51,1.790098929806032e-27
,,,,,,,,,,,,Nvec_v1g190019;Xboc_model_9965,8.189088861565475e-05,1.3637429210934938e-16,,,,Nvec_v1g244220;Xboc_model_3122,0.00022506868244998447,3.865586587494576e-13,Nvec_v1g199428;Xboc_model_3802,8.995965831470935e-10,0.00015345564563535138,,,,,,,,,,Nvec_v1g243086;Xboc_model_14026,3.6224726180593337e-09,1.588241279388913e-13,Nvec_v1g200103;Xboc_model_6377,1.5421167244004092e-15,2.8714304411662327e-06,,,,,,,,,,,,,,,,,,,,,,,,,Nvec_v1g244812;Xboc_model_14073,5.062977443441433e-05,0.008076768932639304,,,,,,,,,,,,,,,,,,,,,,,,,Nvec_v1g237086;Xboc_model_8864,5.708705637379385e-46,6.8578917703014766e-12
,,,,,,,,,,,,Nvec_v1g117697;Xboc_model_765,1.1989811727191866e-05,0.004227568209025072,,,,Nvec_v1g80596;Xboc_model_3471,0.0016765458084819957,2.0297186317762427e-07,Nvec_v1g229125;Xboc_model_12910,8.240855463373271e-05,0.00015429704646306757,,,,,,,,,,Nvec_v1g185681;Xboc_model_5791,3.8195923416792076e-08,8.579774878697847e-16,Nvec_v1g173281;Xboc_model_12651,0.00016013314020205956,3.608294529253197e-05,,,,,,,,,,,,,,,,,,,,,,,,,Nvec_v1g239206;Xboc_model_890,0.0002684242595763471,0.007078462518128696,,,,,,,,,,,,,,,,,,,,,,,,,Nvec_NVE23244;Xboc_model_6526,7.810804393159805e-11,1.2610707302256616e-19
,,,,,,,,,,,,Nvec_v1g113255;Xboc_model_5858,0.007832320959359842,2.892597877629018e-20,,,,Nvec_v1g80630;Xboc_model_8560,3.5841949254985825e-05,6.153827615978531e-07,Nvec_v1g229125;Xboc_model_10349,8.240855463373271e-05,2.3742704574553795e-06,,,,,,,,,,Nvec_v1g166171;Xboc_model_8597,6.230039032396641e-06,4.9167551798400835e-32,Nvec_NVE18540;Xboc_model_918,4.003125481489409e-05,5.160034602425447e-09,,,,,,,,,,,,,,,,,,,,,,,,,Nvec_v1g82599;Xboc_model_7196,0.0017505651830184222,0.0064501591747413035,,,,,,,,,,,,,,,,,,,,,,,,,Nvec_v1g244001;Xboc_model_11465,2.2216175407997448e-41,1.721504424206771e-26
,,,,,,,,,,,,Nvec_v1g107193;Xboc_model_10366,0.008343711286181481,5.986074525064023e-21,,,,Nvec_v1g243086;Xboc_model_14026,8.740889002180686e-45,1.588241279388913e-13,Nvec_v1g105779;Xboc_model_3312,4.6745460784266255e-06,7.820818334740014e-13,,,,,,,,,,Nvec_v1g169502;Xboc_model_214,1.0815060167989901e-16,0.007863395628110705,Nvec_v1g240738;Xboc_model_9374,0.00017689626014066997,0.0013717160783153295,,,,,,,,,,,,,,,,,,,,,,,,,Nvec_v1g216329;Xboc_model_7196,0.00827953488741622,0.0064501591747413035,,,,,,,,,,,,,,,,,,,,,,,,,Nvec_v1g160446;Xboc_model_4733,7.621836831982025e-53,4.1150090770190846e-25
,,,,,,,,,,,,Nvec_v1g190019;Xboc_model_765,8.189088861565475e-05,0.004227568209025072,,,,Nvec_v1g166171;Xboc_model_8597,1.5839050334285058e-11,4.9167551798400835e-32,Nvec_v1g229125;Xboc_model_3802,8.240855463373271e-05,0.00015345564563535138,,,,,,,,,,Nvec_v1g169568;Xboc_model_10493,5.727430183541637e-06,7.551719683373042e-06,Nvec_v1g163601;Xboc_model_10896,6.873723582506134e-06,0.000244853895617367,,,,,,,,,,,,,,,,,,,,,,,,,,,,,,,,,,,,,,,,,,,,,,,,,,,,Nvec_v1g247215;Xboc_model_12658,6.826854413490074e-14,1.395980679532088e-80
,,,,,,,,,,,,Nvec_v1g113255;Xboc_model_4664,0.007832320959359842,1.754287794688892e-21,,,,Nvec_v1g80596;Xboc_model_5689,0.0016765458084819957,6.043363759954734e-06,Nvec_v1g124772;Xboc_model_7316,2.499068980273192e-06,0.00985278027454316,,,,,,,,,,Nvec_v1g181209;Xboc_model_2562,8.603404827097574e-08,0.001863787928130152,Nvec_v1g88915;Xboc_model_6377,0.0014090753970623787,2.8714304411662327e-06,,,,,,,,,,,,,,,,,,,,,,,,,,,,,,,,,,,,,,,,,,,,,,,,,,,,Nvec_v1g236625;Xboc_model_6897,2.2717578068247597e-29,3.2526195121831026e-32
,,,,,,,,,,,,Nvec_v1g86861;Xboc_model_10023,0.0033262489367515452,7.003868125823422e-07,,,,Nvec_v1g104083;Xboc_model_10412,2.469431785300363e-09,1.14700296243122e-18,Nvec_v1g124911;Xboc_model_7316,7.044215679154291e-06,0.00985278027454316,,,,,,,,,,Nvec_v1g229475;Xboc_model_3919,1.7722798374136798e-05,1.578461499979818e-09,,,,,,,,,,,,,,,,,,,,,,,,,,,,,,,,,,,,,,,,,,,,,,,,,,,,,,,Nvec_v1g239161;Xboc_model_2173,1.9899093584752106e-48,4.335246848991592e-15
,,,,,,,,,,,,Nvec_v1g212709;Xboc_model_12305,1.8115605267987191e-06,9.778293305023777e-05,,,,Nvec_NVE25571;Xboc_model_5556,3.8459627077408335e-172,0.0013240825120698848,Nvec_v1g25829;Xboc_model_10349,2.8633403110751537e-05,2.3742704574553795e-06,,,,,,,,,,Nvec_NVE25571;Xboc_model_5556,8.045559069369906e-10,0.0013240825120698848,,,,,,,,,,,,,,,,,,,,,,,,,,,,,,,,,,,,,,,,,,,,,,,,,,,,,,,Nvec_v1g189003;Xboc_model_72,9.015286649114204e-08,7.208578832812358e-33
,,,,,,,,,,,,Nvec_v1g99833;Xboc_model_1112,6.879278567117262e-07,4.839537514402783e-07,,,,Nvec_v1g229475;Xboc_model_3919,5.0598488126691746e-15,1.578461499979818e-09,Nvec_v1g85345;Xboc_model_12910,0.00017790410775928906,0.00015429704646306757,,,,,,,,,,Nvec_v1g175341;Xboc_model_5556,4.427976437691529e-12,0.0013240825120698848,,,,,,,,,,,,,,,,,,,,,,,,,,,,,,,,,,,,,,,,,,,,,,,,,,,,,,,Nvec_v1g240098;Xboc_model_6046,4.487227087286507e-47,3.37855864521353e-12
,,,,,,,,,,,,Nvec_v1g234533;Xboc_model_6180,0.005405102821831009,7.763685960707376e-19,,,,Nvec_v1g169568;Xboc_model_10493,1.8284303766604242e-10,7.551719683373042e-06,Nvec_v1g108942;Xboc_model_12910,3.446126213377277e-05,0.00015429704646306757,,,,,,,,,,Nvec_v1g237552;Xboc_model_5556,0.0007011024663905347,0.0013240825120698848,,,,,,,,,,,,,,,,,,,,,,,,,,,,,,,,,,,,,,,,,,,,,,,,,,,,,,,Nvec_v1g204676;Xboc_model_826,1.491041142357418e-19,1.4057766359072304e-24
,,,,,,,,,,,,Nvec_v1g61368;Xboc_model_13035,5.317793387954371e-05,0.0024575259662806066,,,,Nvec_v1g80596;Xboc_model_8560,0.0016765458084819957,6.153827615978531e-07,Nvec_v1g199428;Xboc_model_7316,8.995965831470935e-10,0.00985278027454316,,,,,,,,,,,,,,,,,,,,,,,,,,,,,,,,,,,,,,,,,,,,,,,,,,,,,,,,,,,,,,,,,,,Nvec_v1g217764;Xboc_model_3404,2.2787309610979616e-05,5.461041467575923e-56
,,,,,,,,,,,,Nvec_v1g163601;Xboc_model_10896,4.484471247823179e-06,0.000244853895617367,,,,Nvec_v1g175347;Xboc_model_5556,2.0025404681152266e-30,0.0013240825120698848,Nvec_v1g85345;Xboc_model_10349,0.00017790410775928906,2.3742704574553795e-06,,,,,,,,,,,,,,,,,,,,,,,,,,,,,,,,,,,,,,,,,,,,,,,,,,,,,,,,,,,,,,,,,,,Nvec_v1g237586;Xboc_model_4701,0.0036856236773528278,1.4170659007021752e-45
,,,,,,,,,,,,Nvec_v1g129869;Xboc_model_12305,0.0005529529577361387,9.778293305023777e-05,,,,Nvec_v1g204676;Xboc_model_826,6.462502798984287e-25,3.8751522289510356e-05,Nvec_v1g108942;Xboc_model_10349,3.446126213377277e-05,2.3742704574553795e-06,,,,,,,,,,,,,,,,,,,,,,,,,,,,,,,,,,,,,,,,,,,,,,,,,,,,,,,,,,,,,,,,,,,Nvec_v1g226223;Xboc_model_7063,1.663901088948911e-44,6.073810414063916e-06
,,,,,,,,,,,,,,,,,,Nvec_v1g241557;Xboc_model_3471,0.0088388503032089,2.0297186317762427e-07,Nvec_v1g85345;Xboc_model_3802,0.00017790410775928906,0.00015345564563535138,,,,,,,,,,,,,,,,,,,,,,,,,,,,,,,,,,,,,,,,,,,,,,,,,,,,,,,,,,,,,,,,,,,Nvec_v1g235818;Xboc_model_10315,1.8693185880376455e-05,3.562019158878157e-21
,,,,,,,,,,,,,,,,,,Nvec_v1g98476;Xboc_model_2562,2.0197077061097095e-22,0.001863787928130152,Nvec_v1g108942;Xboc_model_3802,3.446126213377277e-05,0.00015345564563535138,,,,,,,,,,,,,,,,,,,,,,,,,,,,,,,,,,,,,,,,,,,,,,,,,,,,,,,,,,,,,,,,,,,Nvec_NVE18204;Xboc_model_3404,0.008858437026878776,5.461041467575923e-56
,,,,,,,,,,,,,,,,,,Nvec_v1g169502;Xboc_model_214,3.954982800999116e-28,0.007863395628110705,Nvec_v1g2158;Xboc_model_3810,0.0004062323548681199,5.093817802238794e-35,,,,,,,,,,,,,,,,,,,,,,,,,,,,,,,,,,,,,,,,,,,,,,,,,,,,,,,,,,,,,,,,,,,Nvec_v1g240738;Xboc_model_9374,1.8775467959346255e-79,0.00021714516280386335
,,,,,,,,,,,,,,,,,,Nvec_v1g236625;Xboc_model_13318,7.695255759068415e-05,0.009928504313873732,Nvec_v1g229125;Xboc_model_7316,8.240855463373271e-05,0.00985278027454316,,,,,,,,,,,,,,,,,,,,,,,,,,,,,,,,,,,,,,,,,,,,,,,,,,,,,,,,,,,,,,,,,,,Nvec_v1g169568;Xboc_model_10493,6.728449161333883e-38,2.7234128726566902e-05
,,,,,,,,,,,,,,,,,,Nvec_v1g208427;Xboc_model_5556,1.0420674331730334e-18,0.0013240825120698848,Nvec_v1g140545;Xboc_model_12910,0.0005814044364887051,0.00015429704646306757,,,,,,,,,,,,,,,,,,,,,,,,,,,,,,,,,,,,,,,,,,,,,,,,,,,,,,,,,,,,,,,,,,,Nvec_v1g239511;Xboc_model_510,1.0131327577336378e-18,3.39690839634945e-31
,,,,,,,,,,,,,,,,,,Nvec_v1g123261;Xboc_model_5556,0.00022831150009995513,0.0013240825120698848,Nvec_v1g85345;Xboc_model_7316,0.00017790410775928906,0.00985278027454316,,,,,,,,,,,,,,,,,,,,,,,,,,,,,,,,,,,,,,,,,,,,,,,,,,,,,,,,,,,,,,,,,,,Nvec_v1g188356;Xboc_model_9169,4.149877337255574e-07,1.2283046346828312e-12
,,,,,,,,,,,,,,,,,,,,,Nvec_v1g108942;Xboc_model_7316,3.446126213377277e-05,0.00985278027454316,,,,,,,,,,,,,,,,,,,,,,,,,,,,,,,,,,,,,,,,,,,,,,,,,,,,,,,,,,,,,,,,,,,Nvec_v1g194342;Xboc_model_7926,4.375126473470004e-09,2.698534911897053e-11
,,,,,,,,,,,,,,,,,,,,,Nvec_v1g140545;Xboc_model_10349,0.0005814044364887051,2.3742704574553795e-06,,,,,,,,,,,,,,,,,,,,,,,,,,,,,,,,,,,,,,,,,,,,,,,,,,,,,,,,,,,,,,,,,,,Nvec_v1g155941;Xboc_model_12651,1.7688611932737e-30,0.006915001136628772
,,,,,,,,,,,,,,,,,,,,,Nvec_v1g140545;Xboc_model_3802,0.0005814044364887051,0.00015345564563535138,,,,,,,,,,,,,,,,,,,,,,,,,,,,,,,,,,,,,,,,,,,,,,,,,,,,,,,,,,,,,,,,,,,Nvec_v1g189485;Xboc_model_6180,1.891499429498785e-13,2.5420754414989497e-14
,,,,,,,,,,,,,,,,,,,,,Nvec_v1g105779;Xboc_model_12910,4.6745460784266255e-06,0.00015429704646306757,,,,,,,,,,,,,,,,,,,,,,,,,,,,,,,,,,,,,,,,,,,,,,,,,,,,,,,,,,,,,,,,,,,Nvec_v1g162182;Xboc_model_9285,1.2118562193826984e-41,0.0008580535887555688
,,,,,,,,,,,,,,,,,,,,,Nvec_v1g105779;Xboc_model_10349,4.6745460784266255e-06,2.3742704574553795e-06,,,,,,,,,,,,,,,,,,,,,,,,,,,,,,,,,,,,,,,,,,,,,,,,,,,,,,,,,,,,,,,,,,,Nvec_v1g124889;Xboc_model_3449,5.79877115684198e-13,0.003217666289437854
,,,,,,,,,,,,,,,,,,,,,Nvec_v1g105779;Xboc_model_3802,4.6745460784266255e-06,0.00015345564563535138,,,,,,,,,,,,,,,,,,,,,,,,,,,,,,,,,,,,,,,,,,,,,,,,,,,,,,,,,,,,,,,,,,,Nvec_v1g109201;Xboc_model_12600,1.0178985020338476e-17,0.004594465394812061
,,,,,,,,,,,,,,,,,,,,,Nvec_v1g140545;Xboc_model_7316,0.0005814044364887051,0.00985278027454316,,,,,,,,,,,,,,,,,,,,,,,,,,,,,,,,,,,,,,,,,,,,,,,,,,,,,,,,,,,,,,,,,,,Nvec_v1g230864;Xboc_model_1540,2.4994793185640595e-07,1.809294013539271e-14
,,,,,,,,,,,,,,,,,,,,,Nvec_v1g2158;Xboc_model_3298,0.0004062323548681199,1.4726508432856957e-12,,,,,,,,,,,,,,,,,,,,,,,,,,,,,,,,,,,,,,,,,,,,,,,,,,,,,,,,,,,,,,,,,,,Nvec_v1g243086;Xboc_model_14026,0.006338560003737214,1.8484602923842526e-25
,,,,,,,,,,,,,,,,,,,,,Nvec_v1g105779;Xboc_model_7316,4.6745460784266255e-06,0.00985278027454316,,,,,,,,,,,,,,,,,,,,,,,,,,,,,,,,,,,,,,,,,,,,,,,,,,,,,,,,,,,,,,,,,,,Nvec_v1g235000;Xboc_model_13686,0.008104448365192031,1.777820242566599e-12
,,,,,,,,,,,,,,,,,,,,,Nvec_v1g2158;Xboc_model_3312,0.0004062323548681199,7.820818334740014e-13,,,,,,,,,,,,,,,,,,,,,,,,,,,,,,,,,,,,,,,,,,,,,,,,,,,,,,,,,,,,,,,,,,,Nvec_v1g230667;Xboc_model_14233,0.004996807291644469,0.0008746794391860346
,,,,,,,,,,,,,,,,,,,,,Nvec_v1g2158;Xboc_model_12910,0.0004062323548681199,0.00015429704646306757,,,,,,,,,,,,,,,,,,,,,,,,,,,,,,,,,,,,,,,,,,,,,,,,,,,,,,,,,,,,,,,,,,,Nvec_v1g173281;Xboc_model_12651,1.3456784472925495e-05,0.006915001136628772
,,,,,,,,,,,,,,,,,,,,,Nvec_v1g2158;Xboc_model_10349,0.0004062323548681199,2.3742704574553795e-06,,,,,,,,,,,,,,,,,,,,,,,,,,,,,,,,,,,,,,,,,,,,,,,,,,,,,,,,,,,,,,,,,,,Nvec_v1g233881;Xboc_model_6180,0.004813410775097814,2.5420754414989497e-14
,,,,,,,,,,,,,,,,,,,,,Nvec_v1g2158;Xboc_model_3802,0.0004062323548681199,0.00015345564563535138,,,,,,,,,,,,,,,,,,,,,,,,,,,,,,,,,,,,,,,,,,,,,,,,,,,,,,,,,,,,,,,,,,,Nvec_v1g185681;Xboc_model_5791,0.0009488787648580022,0.004325505150830335
,,,,,,,,,,,,,,,,,,,,,Nvec_v1g2158;Xboc_model_7316,0.0004062323548681199,0.00985278027454316,,,,,,,,,,,,,,,,,,,,,,,,,,,,,,,,,,,,,,,,,,,,,,,,,,,,,,,,,,,,,,,,,,,Nvec_v1g219557;Xboc_model_12651,0.004644273281289505,0.006915001136628772
,,,,,,,,,,,,,,,,,,,,,Nvec_v1g170524;Xboc_model_3810,0.00864764123715404,5.093817802238794e-35,,,,,,,,,,,,,,,,,,,,,,,,,,,,,,,,,,,,,,,,,,,,,,,,,,,,,,,,,,,,,,,,,,,,,
,,,,,,,,,,,,,,,,,,,,,Nvec_v1g170524;Xboc_model_3298,0.00864764123715404,1.4726508432856957e-12,,,,,,,,,,,,,,,,,,,,,,,,,,,,,,,,,,,,,,,,,,,,,,,,,,,,,,,,,,,,,,,,,,,,,
,,,,,,,,,,,,,,,,,,,,,Nvec_v1g170524;Xboc_model_3312,0.00864764123715404,7.820818334740014e-13,,,,,,,,,,,,,,,,,,,,,,,,,,,,,,,,,,,,,,,,,,,,,,,,,,,,,,,,,,,,,,,,,,,,,
,,,,,,,,,,,,,,,,,,,,,Nvec_v1g170524;Xboc_model_12910,0.00864764123715404,0.00015429704646306757,,,,,,,,,,,,,,,,,,,,,,,,,,,,,,,,,,,,,,,,,,,,,,,,,,,,,,,,,,,,,,,,,,,,,
,,,,,,,,,,,,,,,,,,,,,Nvec_v1g170524;Xboc_model_10349,0.00864764123715404,2.3742704574553795e-06,,,,,,,,,,,,,,,,,,,,,,,,,,,,,,,,,,,,,,,,,,,,,,,,,,,,,,,,,,,,,,,,,,,,,
,,,,,,,,,,,,,,,,,,,,,Nvec_v1g170524;Xboc_model_3802,0.00864764123715404,0.00015345564563535138,,,,,,,,,,,,,,,,,,,,,,,,,,,,,,,,,,,,,,,,,,,,,,,,,,,,,,,,,,,,,,,,,,,,,
,,,,,,,,,,,,,,,,,,,,,Nvec_v1g14580;Xboc_model_1952,0.0004230093016871953,8.200519800041098e-76,,,,,,,,,,,,,,,,,,,,,,,,,,,,,,,,,,,,,,,,,,,,,,,,,,,,,,,,,,,,,,,,,,,,,
,,,,,,,,,,,,,,,,,,,,,Nvec_v1g170524;Xboc_model_7316,0.00864764123715404,0.00985278027454316,,,,,,,,,,,,,,,,,,,,,,,,,,,,,,,,,,,,,,,,,,,,,,,,,,,,,,,,,,,,,,,,,,,,,
,,,,,,,,,,,,,,,,,,,,,Nvec_v1g14580;Xboc_model_4099,0.0004230093016871953,5.601668915495562e-20,,,,,,,,,,,,,,,,,,,,,,,,,,,,,,,,,,,,,,,,,,,,,,,,,,,,,,,,,,,,,,,,,,,,,
,,,,,,,,,,,,,,,,,,,,,Nvec_v1g14580;Xboc_model_8829,0.0004230093016871953,1.672009773875025e-14,,,,,,,,,,,,,,,,,,,,,,,,,,,,,,,,,,,,,,,,,,,,,,,,,,,,,,,,,,,,,,,,,,,,,
,,,,,,,,,,,,,,,,,,,,,Nvec_v1g116062;Xboc_model_2348,7.609218762208967e-14,1.3794088030522708e-05,,,,,,,,,,,,,,,,,,,,,,,,,,,,,,,,,,,,,,,,,,,,,,,,,,,,,,,,,,,,,,,,,,,,,
